id,kode_provinsi,nama_provinsi,persentase_penduduk_miskin,satuan,tahun,id_gini,kode_provinsi_gini,semester,gini_ratio,satuan_gini,id_tpt,kode_provinsi_tpt,daerah,tingkat_penganggur_terbuka,satuan_tpt,id_ipm,kode_provinsi_ipm,kode_kabupaten_kota,nama_kabupaten_kota,jenis_kelamin,indeks_pembangunan_manusia,satuan_ipm,kemiskinan_tahun_depan,rata_rata_inflasi_tahunan
316,32,JAWA BARAT,7.45,PERSEN,2018,7,32,SEMESTER I,407,POIN,15,32,PERKOTAAN,8.23,PERSEN,1,32,3201,KABUPATEN BOGOR,LAKI-LAKI,74.53,POIN,7.45,"18,575"
316,32,JAWA BARAT,7.45,PERSEN,2018,7,32,SEMESTER I,407,POIN,15,32,PERKOTAAN,8.23,PERSEN,2,32,3201,KABUPATEN BOGOR,PEREMPUAN,66.37,POIN,7.45,"18,575"
316,32,JAWA BARAT,7.45,PERSEN,2018,7,32,SEMESTER I,407,POIN,15,32,PERKOTAAN,8.23,PERSEN,3,32,3202,KABUPATEN SUKABUMI,LAKI-LAKI,71.57,POIN,7.45,"18,575"
316,32,JAWA BARAT,7.45,PERSEN,2018,7,32,SEMESTER I,407,POIN,15,32,PERKOTAAN,8.23,PERSEN,4,32,3202,KABUPATEN SUKABUMI,PEREMPUAN,62.23,POIN,7.45,"18,575"
316,32,JAWA BARAT,7.45,PERSEN,2018,7,32,SEMESTER I,407,POIN,15,32,PERKOTAAN,8.23,PERSEN,5,32,3203,KABUPATEN CIANJUR,LAKI-LAKI,69.24,POIN,7.45,"18,575"
316,32,JAWA BARAT,7.45,PERSEN,2018,7,32,SEMESTER I,407,POIN,15,32,PERKOTAAN,8.23,PERSEN,6,32,3203,KABUPATEN CIANJUR,PEREMPUAN,57.97,POIN,7.45,"18,575"
316,32,JAWA BARAT,7.45,PERSEN,2018,7,32,SEMESTER I,407,POIN,15,32,PERKOTAAN,8.23,PERSEN,7,32,3204,KABUPATEN BANDUNG,LAKI-LAKI,74.91,POIN,7.45,"18,575"
316,32,JAWA BARAT,7.45,PERSEN,2018,7,32,SEMESTER I,407,POIN,15,32,PERKOTAAN,8.23,PERSEN,8,32,3204,KABUPATEN BANDUNG,PEREMPUAN,70.11,POIN,7.45,"18,575"
316,32,JAWA BARAT,7.45,PERSEN,2018,7,32,SEMESTER I,407,POIN,15,32,PERKOTAAN,8.23,PERSEN,9,32,3205,KABUPATEN GARUT,LAKI-LAKI,69.89,POIN,7.45,"18,575"
316,32,JAWA BARAT,7.45,PERSEN,2018,7,32,SEMESTER I,407,POIN,15,32,PERKOTAAN,8.23,PERSEN,10,32,3205,KABUPATEN GARUT,PEREMPUAN,57.6,POIN,7.45,"18,575"
316,32,JAWA BARAT,7.45,PERSEN,2018,7,32,SEMESTER I,407,POIN,15,32,PERKOTAAN,8.23,PERSEN,11,32,3206,KABUPATEN TASIKMALAYA,LAKI-LAKI,69.71,POIN,7.45,"18,575"
316,32,JAWA BARAT,7.45,PERSEN,2018,7,32,SEMESTER I,407,POIN,15,32,PERKOTAAN,8.23,PERSEN,12,32,3206,KABUPATEN TASIKMALAYA,PEREMPUAN,59.94,POIN,7.45,"18,575"
316,32,JAWA BARAT,7.45,PERSEN,2018,7,32,SEMESTER I,407,POIN,15,32,PERKOTAAN,8.23,PERSEN,13,32,3207,KABUPATEN CIAMIS,LAKI-LAKI,75.43,POIN,7.45,"18,575"
316,32,JAWA BARAT,7.45,PERSEN,2018,7,32,SEMESTER I,407,POIN,15,32,PERKOTAAN,8.23,PERSEN,14,32,3207,KABUPATEN CIAMIS,PEREMPUAN,64.87,POIN,7.45,"18,575"
316,32,JAWA BARAT,7.45,PERSEN,2018,7,32,SEMESTER I,407,POIN,15,32,PERKOTAAN,8.23,PERSEN,15,32,3208,KABUPATEN KUNINGAN,LAKI-LAKI,74.0,POIN,7.45,"18,575"
316,32,JAWA BARAT,7.45,PERSEN,2018,7,32,SEMESTER I,407,POIN,15,32,PERKOTAAN,8.23,PERSEN,16,32,3208,KABUPATEN KUNINGAN,PEREMPUAN,64.1,POIN,7.45,"18,575"
316,32,JAWA BARAT,7.45,PERSEN,2018,7,32,SEMESTER I,407,POIN,15,32,PERKOTAAN,8.23,PERSEN,17,32,3209,KABUPATEN CIREBON,LAKI-LAKI,72.97,POIN,7.45,"18,575"
316,32,JAWA BARAT,7.45,PERSEN,2018,7,32,SEMESTER I,407,POIN,15,32,PERKOTAAN,8.23,PERSEN,18,32,3209,KABUPATEN CIREBON,PEREMPUAN,60.51,POIN,7.45,"18,575"
316,32,JAWA BARAT,7.45,PERSEN,2018,7,32,SEMESTER I,407,POIN,15,32,PERKOTAAN,8.23,PERSEN,19,32,3210,KABUPATEN MAJALENGKA,LAKI-LAKI,71.29,POIN,7.45,"18,575"
316,32,JAWA BARAT,7.45,PERSEN,2018,7,32,SEMESTER I,407,POIN,15,32,PERKOTAAN,8.23,PERSEN,20,32,3210,KABUPATEN MAJALENGKA,PEREMPUAN,61.26,POIN,7.45,"18,575"
316,32,JAWA BARAT,7.45,PERSEN,2018,7,32,SEMESTER I,407,POIN,15,32,PERKOTAAN,8.23,PERSEN,21,32,3211,KABUPATEN SUMEDANG,LAKI-LAKI,74.36,POIN,7.45,"18,575"
316,32,JAWA BARAT,7.45,PERSEN,2018,7,32,SEMESTER I,407,POIN,15,32,PERKOTAAN,8.23,PERSEN,22,32,3211,KABUPATEN SUMEDANG,PEREMPUAN,70.55,POIN,7.45,"18,575"
316,32,JAWA BARAT,7.45,PERSEN,2018,7,32,SEMESTER I,407,POIN,15,32,PERKOTAAN,8.23,PERSEN,23,32,3212,KABUPATEN INDRAMAYU,LAKI-LAKI,70.65,POIN,7.45,"18,575"
316,32,JAWA BARAT,7.45,PERSEN,2018,7,32,SEMESTER I,407,POIN,15,32,PERKOTAAN,8.23,PERSEN,24,32,3212,KABUPATEN INDRAMAYU,PEREMPUAN,62.15,POIN,7.45,"18,575"
316,32,JAWA BARAT,7.45,PERSEN,2018,7,32,SEMESTER I,407,POIN,15,32,PERKOTAAN,8.23,PERSEN,25,32,3213,KABUPATEN SUBANG,LAKI-LAKI,72.11,POIN,7.45,"18,575"
316,32,JAWA BARAT,7.45,PERSEN,2018,7,32,SEMESTER I,407,POIN,15,32,PERKOTAAN,8.23,PERSEN,26,32,3213,KABUPATEN SUBANG,PEREMPUAN,65.31,POIN,7.45,"18,575"
316,32,JAWA BARAT,7.45,PERSEN,2018,7,32,SEMESTER I,407,POIN,15,32,PERKOTAAN,8.23,PERSEN,27,32,3214,KABUPATEN PURWAKARTA,LAKI-LAKI,74.65,POIN,7.45,"18,575"
316,32,JAWA BARAT,7.45,PERSEN,2018,7,32,SEMESTER I,407,POIN,15,32,PERKOTAAN,8.23,PERSEN,28,32,3214,KABUPATEN PURWAKARTA,PEREMPUAN,65.09,POIN,7.45,"18,575"
316,32,JAWA BARAT,7.45,PERSEN,2018,7,32,SEMESTER I,407,POIN,15,32,PERKOTAAN,8.23,PERSEN,29,32,3215,KABUPATEN KARAWANG,LAKI-LAKI,73.6,POIN,7.45,"18,575"
316,32,JAWA BARAT,7.45,PERSEN,2018,7,32,SEMESTER I,407,POIN,15,32,PERKOTAAN,8.23,PERSEN,30,32,3215,KABUPATEN KARAWANG,PEREMPUAN,66.57,POIN,7.45,"18,575"
316,32,JAWA BARAT,7.45,PERSEN,2018,7,32,SEMESTER I,407,POIN,15,32,PERKOTAAN,8.23,PERSEN,31,32,3216,KABUPATEN BEKASI,LAKI-LAKI,78.49,POIN,7.45,"18,575"
316,32,JAWA BARAT,7.45,PERSEN,2018,7,32,SEMESTER I,407,POIN,15,32,PERKOTAAN,8.23,PERSEN,32,32,3216,KABUPATEN BEKASI,PEREMPUAN,69.29,POIN,7.45,"18,575"
316,32,JAWA BARAT,7.45,PERSEN,2018,7,32,SEMESTER I,407,POIN,15,32,PERKOTAAN,8.23,PERSEN,33,32,3217,KABUPATEN BANDUNG BARAT,LAKI-LAKI,72.51,POIN,7.45,"18,575"
316,32,JAWA BARAT,7.45,PERSEN,2018,7,32,SEMESTER I,407,POIN,15,32,PERKOTAAN,8.23,PERSEN,34,32,3217,KABUPATEN BANDUNG BARAT,PEREMPUAN,57.41,POIN,7.45,"18,575"
316,32,JAWA BARAT,7.45,PERSEN,2018,7,32,SEMESTER I,407,POIN,15,32,PERKOTAAN,8.23,PERSEN,35,32,3218,KABUPATEN PANGANDARAN,LAKI-LAKI,71.8,POIN,7.45,"18,575"
316,32,JAWA BARAT,7.45,PERSEN,2018,7,32,SEMESTER I,407,POIN,15,32,PERKOTAAN,8.23,PERSEN,36,32,3218,KABUPATEN PANGANDARAN,PEREMPUAN,64.39,POIN,7.45,"18,575"
316,32,JAWA BARAT,7.45,PERSEN,2018,7,32,SEMESTER I,407,POIN,15,32,PERKOTAAN,8.23,PERSEN,37,32,3271,KOTA BOGOR,LAKI-LAKI,80.17,POIN,7.45,"18,575"
316,32,JAWA BARAT,7.45,PERSEN,2018,7,32,SEMESTER I,407,POIN,15,32,PERKOTAAN,8.23,PERSEN,38,32,3271,KOTA BOGOR,PEREMPUAN,72.89,POIN,7.45,"18,575"
316,32,JAWA BARAT,7.45,PERSEN,2018,7,32,SEMESTER I,407,POIN,15,32,PERKOTAAN,8.23,PERSEN,39,32,3272,KOTA SUKABUMI,LAKI-LAKI,78.65,POIN,7.45,"18,575"
316,32,JAWA BARAT,7.45,PERSEN,2018,7,32,SEMESTER I,407,POIN,15,32,PERKOTAAN,8.23,PERSEN,40,32,3272,KOTA SUKABUMI,PEREMPUAN,71.63,POIN,7.45,"18,575"
316,32,JAWA BARAT,7.45,PERSEN,2018,7,32,SEMESTER I,407,POIN,15,32,PERKOTAAN,8.23,PERSEN,41,32,3273,KOTA BANDUNG,LAKI-LAKI,84.32,POIN,7.45,"18,575"
316,32,JAWA BARAT,7.45,PERSEN,2018,7,32,SEMESTER I,407,POIN,15,32,PERKOTAAN,8.23,PERSEN,42,32,3273,KOTA BANDUNG,PEREMPUAN,80.2,POIN,7.45,"18,575"
316,32,JAWA BARAT,7.45,PERSEN,2018,7,32,SEMESTER I,407,POIN,15,32,PERKOTAAN,8.23,PERSEN,43,32,3274,KOTA CIREBON,LAKI-LAKI,77.95,POIN,7.45,"18,575"
316,32,JAWA BARAT,7.45,PERSEN,2018,7,32,SEMESTER I,407,POIN,15,32,PERKOTAAN,8.23,PERSEN,44,32,3274,KOTA CIREBON,PEREMPUAN,73.23,POIN,7.45,"18,575"
316,32,JAWA BARAT,7.45,PERSEN,2018,7,32,SEMESTER I,407,POIN,15,32,PERKOTAAN,8.23,PERSEN,45,32,3275,KOTA BEKASI,LAKI-LAKI,85.56,POIN,7.45,"18,575"
316,32,JAWA BARAT,7.45,PERSEN,2018,7,32,SEMESTER I,407,POIN,15,32,PERKOTAAN,8.23,PERSEN,46,32,3275,KOTA BEKASI,PEREMPUAN,79.79,POIN,7.45,"18,575"
316,32,JAWA BARAT,7.45,PERSEN,2018,7,32,SEMESTER I,407,POIN,15,32,PERKOTAAN,8.23,PERSEN,47,32,3276,KOTA DEPOK,LAKI-LAKI,84.53,POIN,7.45,"18,575"
316,32,JAWA BARAT,7.45,PERSEN,2018,7,32,SEMESTER I,407,POIN,15,32,PERKOTAAN,8.23,PERSEN,48,32,3276,KOTA DEPOK,PEREMPUAN,78.66,POIN,7.45,"18,575"
316,32,JAWA BARAT,7.45,PERSEN,2018,7,32,SEMESTER I,407,POIN,15,32,PERKOTAAN,8.23,PERSEN,49,32,3277,KOTA CIMAHI,LAKI-LAKI,81.5,POIN,7.45,"18,575"
316,32,JAWA BARAT,7.45,PERSEN,2018,7,32,SEMESTER I,407,POIN,15,32,PERKOTAAN,8.23,PERSEN,50,32,3277,KOTA CIMAHI,PEREMPUAN,75.27,POIN,7.45,"18,575"
316,32,JAWA BARAT,7.45,PERSEN,2018,7,32,SEMESTER I,407,POIN,15,32,PERKOTAAN,8.23,PERSEN,51,32,3278,KOTA TASIKMALAYA,LAKI-LAKI,75.48,POIN,7.45,"18,575"
316,32,JAWA BARAT,7.45,PERSEN,2018,7,32,SEMESTER I,407,POIN,15,32,PERKOTAAN,8.23,PERSEN,52,32,3278,KOTA TASIKMALAYA,PEREMPUAN,68.74,POIN,7.45,"18,575"
316,32,JAWA BARAT,7.45,PERSEN,2018,7,32,SEMESTER I,407,POIN,15,32,PERKOTAAN,8.23,PERSEN,53,32,3279,KOTA BANJAR,LAKI-LAKI,76.12,POIN,7.45,"18,575"
316,32,JAWA BARAT,7.45,PERSEN,2018,7,32,SEMESTER I,407,POIN,15,32,PERKOTAAN,8.23,PERSEN,54,32,3279,KOTA BANJAR,PEREMPUAN,66.31,POIN,7.45,"18,575"
316,32,JAWA BARAT,7.45,PERSEN,2018,7,32,SEMESTER I,407,POIN,16,32,PERDESAAN,7.98,PERSEN,1,32,3201,KABUPATEN BOGOR,LAKI-LAKI,74.53,POIN,7.45,"18,575"
316,32,JAWA BARAT,7.45,PERSEN,2018,7,32,SEMESTER I,407,POIN,16,32,PERDESAAN,7.98,PERSEN,2,32,3201,KABUPATEN BOGOR,PEREMPUAN,66.37,POIN,7.45,"18,575"
316,32,JAWA BARAT,7.45,PERSEN,2018,7,32,SEMESTER I,407,POIN,16,32,PERDESAAN,7.98,PERSEN,3,32,3202,KABUPATEN SUKABUMI,LAKI-LAKI,71.57,POIN,7.45,"18,575"
316,32,JAWA BARAT,7.45,PERSEN,2018,7,32,SEMESTER I,407,POIN,16,32,PERDESAAN,7.98,PERSEN,4,32,3202,KABUPATEN SUKABUMI,PEREMPUAN,62.23,POIN,7.45,"18,575"
316,32,JAWA BARAT,7.45,PERSEN,2018,7,32,SEMESTER I,407,POIN,16,32,PERDESAAN,7.98,PERSEN,5,32,3203,KABUPATEN CIANJUR,LAKI-LAKI,69.24,POIN,7.45,"18,575"
316,32,JAWA BARAT,7.45,PERSEN,2018,7,32,SEMESTER I,407,POIN,16,32,PERDESAAN,7.98,PERSEN,6,32,3203,KABUPATEN CIANJUR,PEREMPUAN,57.97,POIN,7.45,"18,575"
316,32,JAWA BARAT,7.45,PERSEN,2018,7,32,SEMESTER I,407,POIN,16,32,PERDESAAN,7.98,PERSEN,7,32,3204,KABUPATEN BANDUNG,LAKI-LAKI,74.91,POIN,7.45,"18,575"
316,32,JAWA BARAT,7.45,PERSEN,2018,7,32,SEMESTER I,407,POIN,16,32,PERDESAAN,7.98,PERSEN,8,32,3204,KABUPATEN BANDUNG,PEREMPUAN,70.11,POIN,7.45,"18,575"
316,32,JAWA BARAT,7.45,PERSEN,2018,7,32,SEMESTER I,407,POIN,16,32,PERDESAAN,7.98,PERSEN,9,32,3205,KABUPATEN GARUT,LAKI-LAKI,69.89,POIN,7.45,"18,575"
316,32,JAWA BARAT,7.45,PERSEN,2018,7,32,SEMESTER I,407,POIN,16,32,PERDESAAN,7.98,PERSEN,10,32,3205,KABUPATEN GARUT,PEREMPUAN,57.6,POIN,7.45,"18,575"
316,32,JAWA BARAT,7.45,PERSEN,2018,7,32,SEMESTER I,407,POIN,16,32,PERDESAAN,7.98,PERSEN,11,32,3206,KABUPATEN TASIKMALAYA,LAKI-LAKI,69.71,POIN,7.45,"18,575"
316,32,JAWA BARAT,7.45,PERSEN,2018,7,32,SEMESTER I,407,POIN,16,32,PERDESAAN,7.98,PERSEN,12,32,3206,KABUPATEN TASIKMALAYA,PEREMPUAN,59.94,POIN,7.45,"18,575"
316,32,JAWA BARAT,7.45,PERSEN,2018,7,32,SEMESTER I,407,POIN,16,32,PERDESAAN,7.98,PERSEN,13,32,3207,KABUPATEN CIAMIS,LAKI-LAKI,75.43,POIN,7.45,"18,575"
316,32,JAWA BARAT,7.45,PERSEN,2018,7,32,SEMESTER I,407,POIN,16,32,PERDESAAN,7.98,PERSEN,14,32,3207,KABUPATEN CIAMIS,PEREMPUAN,64.87,POIN,7.45,"18,575"
316,32,JAWA BARAT,7.45,PERSEN,2018,7,32,SEMESTER I,407,POIN,16,32,PERDESAAN,7.98,PERSEN,15,32,3208,KABUPATEN KUNINGAN,LAKI-LAKI,74.0,POIN,7.45,"18,575"
316,32,JAWA BARAT,7.45,PERSEN,2018,7,32,SEMESTER I,407,POIN,16,32,PERDESAAN,7.98,PERSEN,16,32,3208,KABUPATEN KUNINGAN,PEREMPUAN,64.1,POIN,7.45,"18,575"
316,32,JAWA BARAT,7.45,PERSEN,2018,7,32,SEMESTER I,407,POIN,16,32,PERDESAAN,7.98,PERSEN,17,32,3209,KABUPATEN CIREBON,LAKI-LAKI,72.97,POIN,7.45,"18,575"
316,32,JAWA BARAT,7.45,PERSEN,2018,7,32,SEMESTER I,407,POIN,16,32,PERDESAAN,7.98,PERSEN,18,32,3209,KABUPATEN CIREBON,PEREMPUAN,60.51,POIN,7.45,"18,575"
316,32,JAWA BARAT,7.45,PERSEN,2018,7,32,SEMESTER I,407,POIN,16,32,PERDESAAN,7.98,PERSEN,19,32,3210,KABUPATEN MAJALENGKA,LAKI-LAKI,71.29,POIN,7.45,"18,575"
316,32,JAWA BARAT,7.45,PERSEN,2018,7,32,SEMESTER I,407,POIN,16,32,PERDESAAN,7.98,PERSEN,20,32,3210,KABUPATEN MAJALENGKA,PEREMPUAN,61.26,POIN,7.45,"18,575"
316,32,JAWA BARAT,7.45,PERSEN,2018,7,32,SEMESTER I,407,POIN,16,32,PERDESAAN,7.98,PERSEN,21,32,3211,KABUPATEN SUMEDANG,LAKI-LAKI,74.36,POIN,7.45,"18,575"
316,32,JAWA BARAT,7.45,PERSEN,2018,7,32,SEMESTER I,407,POIN,16,32,PERDESAAN,7.98,PERSEN,22,32,3211,KABUPATEN SUMEDANG,PEREMPUAN,70.55,POIN,7.45,"18,575"
316,32,JAWA BARAT,7.45,PERSEN,2018,7,32,SEMESTER I,407,POIN,16,32,PERDESAAN,7.98,PERSEN,23,32,3212,KABUPATEN INDRAMAYU,LAKI-LAKI,70.65,POIN,7.45,"18,575"
316,32,JAWA BARAT,7.45,PERSEN,2018,7,32,SEMESTER I,407,POIN,16,32,PERDESAAN,7.98,PERSEN,24,32,3212,KABUPATEN INDRAMAYU,PEREMPUAN,62.15,POIN,7.45,"18,575"
316,32,JAWA BARAT,7.45,PERSEN,2018,7,32,SEMESTER I,407,POIN,16,32,PERDESAAN,7.98,PERSEN,25,32,3213,KABUPATEN SUBANG,LAKI-LAKI,72.11,POIN,7.45,"18,575"
316,32,JAWA BARAT,7.45,PERSEN,2018,7,32,SEMESTER I,407,POIN,16,32,PERDESAAN,7.98,PERSEN,26,32,3213,KABUPATEN SUBANG,PEREMPUAN,65.31,POIN,7.45,"18,575"
316,32,JAWA BARAT,7.45,PERSEN,2018,7,32,SEMESTER I,407,POIN,16,32,PERDESAAN,7.98,PERSEN,27,32,3214,KABUPATEN PURWAKARTA,LAKI-LAKI,74.65,POIN,7.45,"18,575"
316,32,JAWA BARAT,7.45,PERSEN,2018,7,32,SEMESTER I,407,POIN,16,32,PERDESAAN,7.98,PERSEN,28,32,3214,KABUPATEN PURWAKARTA,PEREMPUAN,65.09,POIN,7.45,"18,575"
316,32,JAWA BARAT,7.45,PERSEN,2018,7,32,SEMESTER I,407,POIN,16,32,PERDESAAN,7.98,PERSEN,29,32,3215,KABUPATEN KARAWANG,LAKI-LAKI,73.6,POIN,7.45,"18,575"
316,32,JAWA BARAT,7.45,PERSEN,2018,7,32,SEMESTER I,407,POIN,16,32,PERDESAAN,7.98,PERSEN,30,32,3215,KABUPATEN KARAWANG,PEREMPUAN,66.57,POIN,7.45,"18,575"
316,32,JAWA BARAT,7.45,PERSEN,2018,7,32,SEMESTER I,407,POIN,16,32,PERDESAAN,7.98,PERSEN,31,32,3216,KABUPATEN BEKASI,LAKI-LAKI,78.49,POIN,7.45,"18,575"
316,32,JAWA BARAT,7.45,PERSEN,2018,7,32,SEMESTER I,407,POIN,16,32,PERDESAAN,7.98,PERSEN,32,32,3216,KABUPATEN BEKASI,PEREMPUAN,69.29,POIN,7.45,"18,575"
316,32,JAWA BARAT,7.45,PERSEN,2018,7,32,SEMESTER I,407,POIN,16,32,PERDESAAN,7.98,PERSEN,33,32,3217,KABUPATEN BANDUNG BARAT,LAKI-LAKI,72.51,POIN,7.45,"18,575"
316,32,JAWA BARAT,7.45,PERSEN,2018,7,32,SEMESTER I,407,POIN,16,32,PERDESAAN,7.98,PERSEN,34,32,3217,KABUPATEN BANDUNG BARAT,PEREMPUAN,57.41,POIN,7.45,"18,575"
316,32,JAWA BARAT,7.45,PERSEN,2018,7,32,SEMESTER I,407,POIN,16,32,PERDESAAN,7.98,PERSEN,35,32,3218,KABUPATEN PANGANDARAN,LAKI-LAKI,71.8,POIN,7.45,"18,575"
316,32,JAWA BARAT,7.45,PERSEN,2018,7,32,SEMESTER I,407,POIN,16,32,PERDESAAN,7.98,PERSEN,36,32,3218,KABUPATEN PANGANDARAN,PEREMPUAN,64.39,POIN,7.45,"18,575"
316,32,JAWA BARAT,7.45,PERSEN,2018,7,32,SEMESTER I,407,POIN,16,32,PERDESAAN,7.98,PERSEN,37,32,3271,KOTA BOGOR,LAKI-LAKI,80.17,POIN,7.45,"18,575"
316,32,JAWA BARAT,7.45,PERSEN,2018,7,32,SEMESTER I,407,POIN,16,32,PERDESAAN,7.98,PERSEN,38,32,3271,KOTA BOGOR,PEREMPUAN,72.89,POIN,7.45,"18,575"
316,32,JAWA BARAT,7.45,PERSEN,2018,7,32,SEMESTER I,407,POIN,16,32,PERDESAAN,7.98,PERSEN,39,32,3272,KOTA SUKABUMI,LAKI-LAKI,78.65,POIN,7.45,"18,575"
316,32,JAWA BARAT,7.45,PERSEN,2018,7,32,SEMESTER I,407,POIN,16,32,PERDESAAN,7.98,PERSEN,40,32,3272,KOTA SUKABUMI,PEREMPUAN,71.63,POIN,7.45,"18,575"
316,32,JAWA BARAT,7.45,PERSEN,2018,7,32,SEMESTER I,407,POIN,16,32,PERDESAAN,7.98,PERSEN,41,32,3273,KOTA BANDUNG,LAKI-LAKI,84.32,POIN,7.45,"18,575"
316,32,JAWA BARAT,7.45,PERSEN,2018,7,32,SEMESTER I,407,POIN,16,32,PERDESAAN,7.98,PERSEN,42,32,3273,KOTA BANDUNG,PEREMPUAN,80.2,POIN,7.45,"18,575"
316,32,JAWA BARAT,7.45,PERSEN,2018,7,32,SEMESTER I,407,POIN,16,32,PERDESAAN,7.98,PERSEN,43,32,3274,KOTA CIREBON,LAKI-LAKI,77.95,POIN,7.45,"18,575"
316,32,JAWA BARAT,7.45,PERSEN,2018,7,32,SEMESTER I,407,POIN,16,32,PERDESAAN,7.98,PERSEN,44,32,3274,KOTA CIREBON,PEREMPUAN,73.23,POIN,7.45,"18,575"
316,32,JAWA BARAT,7.45,PERSEN,2018,7,32,SEMESTER I,407,POIN,16,32,PERDESAAN,7.98,PERSEN,45,32,3275,KOTA BEKASI,LAKI-LAKI,85.56,POIN,7.45,"18,575"
316,32,JAWA BARAT,7.45,PERSEN,2018,7,32,SEMESTER I,407,POIN,16,32,PERDESAAN,7.98,PERSEN,46,32,3275,KOTA BEKASI,PEREMPUAN,79.79,POIN,7.45,"18,575"
316,32,JAWA BARAT,7.45,PERSEN,2018,7,32,SEMESTER I,407,POIN,16,32,PERDESAAN,7.98,PERSEN,47,32,3276,KOTA DEPOK,LAKI-LAKI,84.53,POIN,7.45,"18,575"
316,32,JAWA BARAT,7.45,PERSEN,2018,7,32,SEMESTER I,407,POIN,16,32,PERDESAAN,7.98,PERSEN,48,32,3276,KOTA DEPOK,PEREMPUAN,78.66,POIN,7.45,"18,575"
316,32,JAWA BARAT,7.45,PERSEN,2018,7,32,SEMESTER I,407,POIN,16,32,PERDESAAN,7.98,PERSEN,49,32,3277,KOTA CIMAHI,LAKI-LAKI,81.5,POIN,7.45,"18,575"
316,32,JAWA BARAT,7.45,PERSEN,2018,7,32,SEMESTER I,407,POIN,16,32,PERDESAAN,7.98,PERSEN,50,32,3277,KOTA CIMAHI,PEREMPUAN,75.27,POIN,7.45,"18,575"
316,32,JAWA BARAT,7.45,PERSEN,2018,7,32,SEMESTER I,407,POIN,16,32,PERDESAAN,7.98,PERSEN,51,32,3278,KOTA TASIKMALAYA,LAKI-LAKI,75.48,POIN,7.45,"18,575"
316,32,JAWA BARAT,7.45,PERSEN,2018,7,32,SEMESTER I,407,POIN,16,32,PERDESAAN,7.98,PERSEN,52,32,3278,KOTA TASIKMALAYA,PEREMPUAN,68.74,POIN,7.45,"18,575"
316,32,JAWA BARAT,7.45,PERSEN,2018,7,32,SEMESTER I,407,POIN,16,32,PERDESAAN,7.98,PERSEN,53,32,3279,KOTA BANJAR,LAKI-LAKI,76.12,POIN,7.45,"18,575"
316,32,JAWA BARAT,7.45,PERSEN,2018,7,32,SEMESTER I,407,POIN,16,32,PERDESAAN,7.98,PERSEN,54,32,3279,KOTA BANJAR,PEREMPUAN,66.31,POIN,7.45,"18,575"
316,32,JAWA BARAT,7.45,PERSEN,2018,8,32,SEMESTER II,405,POIN,15,32,PERKOTAAN,8.23,PERSEN,1,32,3201,KABUPATEN BOGOR,LAKI-LAKI,74.53,POIN,7.45,"18,575"
316,32,JAWA BARAT,7.45,PERSEN,2018,8,32,SEMESTER II,405,POIN,15,32,PERKOTAAN,8.23,PERSEN,2,32,3201,KABUPATEN BOGOR,PEREMPUAN,66.37,POIN,7.45,"18,575"
316,32,JAWA BARAT,7.45,PERSEN,2018,8,32,SEMESTER II,405,POIN,15,32,PERKOTAAN,8.23,PERSEN,3,32,3202,KABUPATEN SUKABUMI,LAKI-LAKI,71.57,POIN,7.45,"18,575"
316,32,JAWA BARAT,7.45,PERSEN,2018,8,32,SEMESTER II,405,POIN,15,32,PERKOTAAN,8.23,PERSEN,4,32,3202,KABUPATEN SUKABUMI,PEREMPUAN,62.23,POIN,7.45,"18,575"
316,32,JAWA BARAT,7.45,PERSEN,2018,8,32,SEMESTER II,405,POIN,15,32,PERKOTAAN,8.23,PERSEN,5,32,3203,KABUPATEN CIANJUR,LAKI-LAKI,69.24,POIN,7.45,"18,575"
316,32,JAWA BARAT,7.45,PERSEN,2018,8,32,SEMESTER II,405,POIN,15,32,PERKOTAAN,8.23,PERSEN,6,32,3203,KABUPATEN CIANJUR,PEREMPUAN,57.97,POIN,7.45,"18,575"
316,32,JAWA BARAT,7.45,PERSEN,2018,8,32,SEMESTER II,405,POIN,15,32,PERKOTAAN,8.23,PERSEN,7,32,3204,KABUPATEN BANDUNG,LAKI-LAKI,74.91,POIN,7.45,"18,575"
316,32,JAWA BARAT,7.45,PERSEN,2018,8,32,SEMESTER II,405,POIN,15,32,PERKOTAAN,8.23,PERSEN,8,32,3204,KABUPATEN BANDUNG,PEREMPUAN,70.11,POIN,7.45,"18,575"
316,32,JAWA BARAT,7.45,PERSEN,2018,8,32,SEMESTER II,405,POIN,15,32,PERKOTAAN,8.23,PERSEN,9,32,3205,KABUPATEN GARUT,LAKI-LAKI,69.89,POIN,7.45,"18,575"
316,32,JAWA BARAT,7.45,PERSEN,2018,8,32,SEMESTER II,405,POIN,15,32,PERKOTAAN,8.23,PERSEN,10,32,3205,KABUPATEN GARUT,PEREMPUAN,57.6,POIN,7.45,"18,575"
316,32,JAWA BARAT,7.45,PERSEN,2018,8,32,SEMESTER II,405,POIN,15,32,PERKOTAAN,8.23,PERSEN,11,32,3206,KABUPATEN TASIKMALAYA,LAKI-LAKI,69.71,POIN,7.45,"18,575"
316,32,JAWA BARAT,7.45,PERSEN,2018,8,32,SEMESTER II,405,POIN,15,32,PERKOTAAN,8.23,PERSEN,12,32,3206,KABUPATEN TASIKMALAYA,PEREMPUAN,59.94,POIN,7.45,"18,575"
316,32,JAWA BARAT,7.45,PERSEN,2018,8,32,SEMESTER II,405,POIN,15,32,PERKOTAAN,8.23,PERSEN,13,32,3207,KABUPATEN CIAMIS,LAKI-LAKI,75.43,POIN,7.45,"18,575"
316,32,JAWA BARAT,7.45,PERSEN,2018,8,32,SEMESTER II,405,POIN,15,32,PERKOTAAN,8.23,PERSEN,14,32,3207,KABUPATEN CIAMIS,PEREMPUAN,64.87,POIN,7.45,"18,575"
316,32,JAWA BARAT,7.45,PERSEN,2018,8,32,SEMESTER II,405,POIN,15,32,PERKOTAAN,8.23,PERSEN,15,32,3208,KABUPATEN KUNINGAN,LAKI-LAKI,74.0,POIN,7.45,"18,575"
316,32,JAWA BARAT,7.45,PERSEN,2018,8,32,SEMESTER II,405,POIN,15,32,PERKOTAAN,8.23,PERSEN,16,32,3208,KABUPATEN KUNINGAN,PEREMPUAN,64.1,POIN,7.45,"18,575"
316,32,JAWA BARAT,7.45,PERSEN,2018,8,32,SEMESTER II,405,POIN,15,32,PERKOTAAN,8.23,PERSEN,17,32,3209,KABUPATEN CIREBON,LAKI-LAKI,72.97,POIN,7.45,"18,575"
316,32,JAWA BARAT,7.45,PERSEN,2018,8,32,SEMESTER II,405,POIN,15,32,PERKOTAAN,8.23,PERSEN,18,32,3209,KABUPATEN CIREBON,PEREMPUAN,60.51,POIN,7.45,"18,575"
316,32,JAWA BARAT,7.45,PERSEN,2018,8,32,SEMESTER II,405,POIN,15,32,PERKOTAAN,8.23,PERSEN,19,32,3210,KABUPATEN MAJALENGKA,LAKI-LAKI,71.29,POIN,7.45,"18,575"
316,32,JAWA BARAT,7.45,PERSEN,2018,8,32,SEMESTER II,405,POIN,15,32,PERKOTAAN,8.23,PERSEN,20,32,3210,KABUPATEN MAJALENGKA,PEREMPUAN,61.26,POIN,7.45,"18,575"
316,32,JAWA BARAT,7.45,PERSEN,2018,8,32,SEMESTER II,405,POIN,15,32,PERKOTAAN,8.23,PERSEN,21,32,3211,KABUPATEN SUMEDANG,LAKI-LAKI,74.36,POIN,7.45,"18,575"
316,32,JAWA BARAT,7.45,PERSEN,2018,8,32,SEMESTER II,405,POIN,15,32,PERKOTAAN,8.23,PERSEN,22,32,3211,KABUPATEN SUMEDANG,PEREMPUAN,70.55,POIN,7.45,"18,575"
316,32,JAWA BARAT,7.45,PERSEN,2018,8,32,SEMESTER II,405,POIN,15,32,PERKOTAAN,8.23,PERSEN,23,32,3212,KABUPATEN INDRAMAYU,LAKI-LAKI,70.65,POIN,7.45,"18,575"
316,32,JAWA BARAT,7.45,PERSEN,2018,8,32,SEMESTER II,405,POIN,15,32,PERKOTAAN,8.23,PERSEN,24,32,3212,KABUPATEN INDRAMAYU,PEREMPUAN,62.15,POIN,7.45,"18,575"
316,32,JAWA BARAT,7.45,PERSEN,2018,8,32,SEMESTER II,405,POIN,15,32,PERKOTAAN,8.23,PERSEN,25,32,3213,KABUPATEN SUBANG,LAKI-LAKI,72.11,POIN,7.45,"18,575"
316,32,JAWA BARAT,7.45,PERSEN,2018,8,32,SEMESTER II,405,POIN,15,32,PERKOTAAN,8.23,PERSEN,26,32,3213,KABUPATEN SUBANG,PEREMPUAN,65.31,POIN,7.45,"18,575"
316,32,JAWA BARAT,7.45,PERSEN,2018,8,32,SEMESTER II,405,POIN,15,32,PERKOTAAN,8.23,PERSEN,27,32,3214,KABUPATEN PURWAKARTA,LAKI-LAKI,74.65,POIN,7.45,"18,575"
316,32,JAWA BARAT,7.45,PERSEN,2018,8,32,SEMESTER II,405,POIN,15,32,PERKOTAAN,8.23,PERSEN,28,32,3214,KABUPATEN PURWAKARTA,PEREMPUAN,65.09,POIN,7.45,"18,575"
316,32,JAWA BARAT,7.45,PERSEN,2018,8,32,SEMESTER II,405,POIN,15,32,PERKOTAAN,8.23,PERSEN,29,32,3215,KABUPATEN KARAWANG,LAKI-LAKI,73.6,POIN,7.45,"18,575"
316,32,JAWA BARAT,7.45,PERSEN,2018,8,32,SEMESTER II,405,POIN,15,32,PERKOTAAN,8.23,PERSEN,30,32,3215,KABUPATEN KARAWANG,PEREMPUAN,66.57,POIN,7.45,"18,575"
316,32,JAWA BARAT,7.45,PERSEN,2018,8,32,SEMESTER II,405,POIN,15,32,PERKOTAAN,8.23,PERSEN,31,32,3216,KABUPATEN BEKASI,LAKI-LAKI,78.49,POIN,7.45,"18,575"
316,32,JAWA BARAT,7.45,PERSEN,2018,8,32,SEMESTER II,405,POIN,15,32,PERKOTAAN,8.23,PERSEN,32,32,3216,KABUPATEN BEKASI,PEREMPUAN,69.29,POIN,7.45,"18,575"
316,32,JAWA BARAT,7.45,PERSEN,2018,8,32,SEMESTER II,405,POIN,15,32,PERKOTAAN,8.23,PERSEN,33,32,3217,KABUPATEN BANDUNG BARAT,LAKI-LAKI,72.51,POIN,7.45,"18,575"
316,32,JAWA BARAT,7.45,PERSEN,2018,8,32,SEMESTER II,405,POIN,15,32,PERKOTAAN,8.23,PERSEN,34,32,3217,KABUPATEN BANDUNG BARAT,PEREMPUAN,57.41,POIN,7.45,"18,575"
316,32,JAWA BARAT,7.45,PERSEN,2018,8,32,SEMESTER II,405,POIN,15,32,PERKOTAAN,8.23,PERSEN,35,32,3218,KABUPATEN PANGANDARAN,LAKI-LAKI,71.8,POIN,7.45,"18,575"
316,32,JAWA BARAT,7.45,PERSEN,2018,8,32,SEMESTER II,405,POIN,15,32,PERKOTAAN,8.23,PERSEN,36,32,3218,KABUPATEN PANGANDARAN,PEREMPUAN,64.39,POIN,7.45,"18,575"
316,32,JAWA BARAT,7.45,PERSEN,2018,8,32,SEMESTER II,405,POIN,15,32,PERKOTAAN,8.23,PERSEN,37,32,3271,KOTA BOGOR,LAKI-LAKI,80.17,POIN,7.45,"18,575"
316,32,JAWA BARAT,7.45,PERSEN,2018,8,32,SEMESTER II,405,POIN,15,32,PERKOTAAN,8.23,PERSEN,38,32,3271,KOTA BOGOR,PEREMPUAN,72.89,POIN,7.45,"18,575"
316,32,JAWA BARAT,7.45,PERSEN,2018,8,32,SEMESTER II,405,POIN,15,32,PERKOTAAN,8.23,PERSEN,39,32,3272,KOTA SUKABUMI,LAKI-LAKI,78.65,POIN,7.45,"18,575"
316,32,JAWA BARAT,7.45,PERSEN,2018,8,32,SEMESTER II,405,POIN,15,32,PERKOTAAN,8.23,PERSEN,40,32,3272,KOTA SUKABUMI,PEREMPUAN,71.63,POIN,7.45,"18,575"
316,32,JAWA BARAT,7.45,PERSEN,2018,8,32,SEMESTER II,405,POIN,15,32,PERKOTAAN,8.23,PERSEN,41,32,3273,KOTA BANDUNG,LAKI-LAKI,84.32,POIN,7.45,"18,575"
316,32,JAWA BARAT,7.45,PERSEN,2018,8,32,SEMESTER II,405,POIN,15,32,PERKOTAAN,8.23,PERSEN,42,32,3273,KOTA BANDUNG,PEREMPUAN,80.2,POIN,7.45,"18,575"
316,32,JAWA BARAT,7.45,PERSEN,2018,8,32,SEMESTER II,405,POIN,15,32,PERKOTAAN,8.23,PERSEN,43,32,3274,KOTA CIREBON,LAKI-LAKI,77.95,POIN,7.45,"18,575"
316,32,JAWA BARAT,7.45,PERSEN,2018,8,32,SEMESTER II,405,POIN,15,32,PERKOTAAN,8.23,PERSEN,44,32,3274,KOTA CIREBON,PEREMPUAN,73.23,POIN,7.45,"18,575"
316,32,JAWA BARAT,7.45,PERSEN,2018,8,32,SEMESTER II,405,POIN,15,32,PERKOTAAN,8.23,PERSEN,45,32,3275,KOTA BEKASI,LAKI-LAKI,85.56,POIN,7.45,"18,575"
316,32,JAWA BARAT,7.45,PERSEN,2018,8,32,SEMESTER II,405,POIN,15,32,PERKOTAAN,8.23,PERSEN,46,32,3275,KOTA BEKASI,PEREMPUAN,79.79,POIN,7.45,"18,575"
316,32,JAWA BARAT,7.45,PERSEN,2018,8,32,SEMESTER II,405,POIN,15,32,PERKOTAAN,8.23,PERSEN,47,32,3276,KOTA DEPOK,LAKI-LAKI,84.53,POIN,7.45,"18,575"
316,32,JAWA BARAT,7.45,PERSEN,2018,8,32,SEMESTER II,405,POIN,15,32,PERKOTAAN,8.23,PERSEN,48,32,3276,KOTA DEPOK,PEREMPUAN,78.66,POIN,7.45,"18,575"
316,32,JAWA BARAT,7.45,PERSEN,2018,8,32,SEMESTER II,405,POIN,15,32,PERKOTAAN,8.23,PERSEN,49,32,3277,KOTA CIMAHI,LAKI-LAKI,81.5,POIN,7.45,"18,575"
316,32,JAWA BARAT,7.45,PERSEN,2018,8,32,SEMESTER II,405,POIN,15,32,PERKOTAAN,8.23,PERSEN,50,32,3277,KOTA CIMAHI,PEREMPUAN,75.27,POIN,7.45,"18,575"
316,32,JAWA BARAT,7.45,PERSEN,2018,8,32,SEMESTER II,405,POIN,15,32,PERKOTAAN,8.23,PERSEN,51,32,3278,KOTA TASIKMALAYA,LAKI-LAKI,75.48,POIN,7.45,"18,575"
316,32,JAWA BARAT,7.45,PERSEN,2018,8,32,SEMESTER II,405,POIN,15,32,PERKOTAAN,8.23,PERSEN,52,32,3278,KOTA TASIKMALAYA,PEREMPUAN,68.74,POIN,7.45,"18,575"
316,32,JAWA BARAT,7.45,PERSEN,2018,8,32,SEMESTER II,405,POIN,15,32,PERKOTAAN,8.23,PERSEN,53,32,3279,KOTA BANJAR,LAKI-LAKI,76.12,POIN,7.45,"18,575"
316,32,JAWA BARAT,7.45,PERSEN,2018,8,32,SEMESTER II,405,POIN,15,32,PERKOTAAN,8.23,PERSEN,54,32,3279,KOTA BANJAR,PEREMPUAN,66.31,POIN,7.45,"18,575"
316,32,JAWA BARAT,7.45,PERSEN,2018,8,32,SEMESTER II,405,POIN,16,32,PERDESAAN,7.98,PERSEN,1,32,3201,KABUPATEN BOGOR,LAKI-LAKI,74.53,POIN,7.45,"18,575"
316,32,JAWA BARAT,7.45,PERSEN,2018,8,32,SEMESTER II,405,POIN,16,32,PERDESAAN,7.98,PERSEN,2,32,3201,KABUPATEN BOGOR,PEREMPUAN,66.37,POIN,7.45,"18,575"
316,32,JAWA BARAT,7.45,PERSEN,2018,8,32,SEMESTER II,405,POIN,16,32,PERDESAAN,7.98,PERSEN,3,32,3202,KABUPATEN SUKABUMI,LAKI-LAKI,71.57,POIN,7.45,"18,575"
316,32,JAWA BARAT,7.45,PERSEN,2018,8,32,SEMESTER II,405,POIN,16,32,PERDESAAN,7.98,PERSEN,4,32,3202,KABUPATEN SUKABUMI,PEREMPUAN,62.23,POIN,7.45,"18,575"
316,32,JAWA BARAT,7.45,PERSEN,2018,8,32,SEMESTER II,405,POIN,16,32,PERDESAAN,7.98,PERSEN,5,32,3203,KABUPATEN CIANJUR,LAKI-LAKI,69.24,POIN,7.45,"18,575"
316,32,JAWA BARAT,7.45,PERSEN,2018,8,32,SEMESTER II,405,POIN,16,32,PERDESAAN,7.98,PERSEN,6,32,3203,KABUPATEN CIANJUR,PEREMPUAN,57.97,POIN,7.45,"18,575"
316,32,JAWA BARAT,7.45,PERSEN,2018,8,32,SEMESTER II,405,POIN,16,32,PERDESAAN,7.98,PERSEN,7,32,3204,KABUPATEN BANDUNG,LAKI-LAKI,74.91,POIN,7.45,"18,575"
316,32,JAWA BARAT,7.45,PERSEN,2018,8,32,SEMESTER II,405,POIN,16,32,PERDESAAN,7.98,PERSEN,8,32,3204,KABUPATEN BANDUNG,PEREMPUAN,70.11,POIN,7.45,"18,575"
316,32,JAWA BARAT,7.45,PERSEN,2018,8,32,SEMESTER II,405,POIN,16,32,PERDESAAN,7.98,PERSEN,9,32,3205,KABUPATEN GARUT,LAKI-LAKI,69.89,POIN,7.45,"18,575"
316,32,JAWA BARAT,7.45,PERSEN,2018,8,32,SEMESTER II,405,POIN,16,32,PERDESAAN,7.98,PERSEN,10,32,3205,KABUPATEN GARUT,PEREMPUAN,57.6,POIN,7.45,"18,575"
316,32,JAWA BARAT,7.45,PERSEN,2018,8,32,SEMESTER II,405,POIN,16,32,PERDESAAN,7.98,PERSEN,11,32,3206,KABUPATEN TASIKMALAYA,LAKI-LAKI,69.71,POIN,7.45,"18,575"
316,32,JAWA BARAT,7.45,PERSEN,2018,8,32,SEMESTER II,405,POIN,16,32,PERDESAAN,7.98,PERSEN,12,32,3206,KABUPATEN TASIKMALAYA,PEREMPUAN,59.94,POIN,7.45,"18,575"
316,32,JAWA BARAT,7.45,PERSEN,2018,8,32,SEMESTER II,405,POIN,16,32,PERDESAAN,7.98,PERSEN,13,32,3207,KABUPATEN CIAMIS,LAKI-LAKI,75.43,POIN,7.45,"18,575"
316,32,JAWA BARAT,7.45,PERSEN,2018,8,32,SEMESTER II,405,POIN,16,32,PERDESAAN,7.98,PERSEN,14,32,3207,KABUPATEN CIAMIS,PEREMPUAN,64.87,POIN,7.45,"18,575"
316,32,JAWA BARAT,7.45,PERSEN,2018,8,32,SEMESTER II,405,POIN,16,32,PERDESAAN,7.98,PERSEN,15,32,3208,KABUPATEN KUNINGAN,LAKI-LAKI,74.0,POIN,7.45,"18,575"
316,32,JAWA BARAT,7.45,PERSEN,2018,8,32,SEMESTER II,405,POIN,16,32,PERDESAAN,7.98,PERSEN,16,32,3208,KABUPATEN KUNINGAN,PEREMPUAN,64.1,POIN,7.45,"18,575"
316,32,JAWA BARAT,7.45,PERSEN,2018,8,32,SEMESTER II,405,POIN,16,32,PERDESAAN,7.98,PERSEN,17,32,3209,KABUPATEN CIREBON,LAKI-LAKI,72.97,POIN,7.45,"18,575"
316,32,JAWA BARAT,7.45,PERSEN,2018,8,32,SEMESTER II,405,POIN,16,32,PERDESAAN,7.98,PERSEN,18,32,3209,KABUPATEN CIREBON,PEREMPUAN,60.51,POIN,7.45,"18,575"
316,32,JAWA BARAT,7.45,PERSEN,2018,8,32,SEMESTER II,405,POIN,16,32,PERDESAAN,7.98,PERSEN,19,32,3210,KABUPATEN MAJALENGKA,LAKI-LAKI,71.29,POIN,7.45,"18,575"
316,32,JAWA BARAT,7.45,PERSEN,2018,8,32,SEMESTER II,405,POIN,16,32,PERDESAAN,7.98,PERSEN,20,32,3210,KABUPATEN MAJALENGKA,PEREMPUAN,61.26,POIN,7.45,"18,575"
316,32,JAWA BARAT,7.45,PERSEN,2018,8,32,SEMESTER II,405,POIN,16,32,PERDESAAN,7.98,PERSEN,21,32,3211,KABUPATEN SUMEDANG,LAKI-LAKI,74.36,POIN,7.45,"18,575"
316,32,JAWA BARAT,7.45,PERSEN,2018,8,32,SEMESTER II,405,POIN,16,32,PERDESAAN,7.98,PERSEN,22,32,3211,KABUPATEN SUMEDANG,PEREMPUAN,70.55,POIN,7.45,"18,575"
316,32,JAWA BARAT,7.45,PERSEN,2018,8,32,SEMESTER II,405,POIN,16,32,PERDESAAN,7.98,PERSEN,23,32,3212,KABUPATEN INDRAMAYU,LAKI-LAKI,70.65,POIN,7.45,"18,575"
316,32,JAWA BARAT,7.45,PERSEN,2018,8,32,SEMESTER II,405,POIN,16,32,PERDESAAN,7.98,PERSEN,24,32,3212,KABUPATEN INDRAMAYU,PEREMPUAN,62.15,POIN,7.45,"18,575"
316,32,JAWA BARAT,7.45,PERSEN,2018,8,32,SEMESTER II,405,POIN,16,32,PERDESAAN,7.98,PERSEN,25,32,3213,KABUPATEN SUBANG,LAKI-LAKI,72.11,POIN,7.45,"18,575"
316,32,JAWA BARAT,7.45,PERSEN,2018,8,32,SEMESTER II,405,POIN,16,32,PERDESAAN,7.98,PERSEN,26,32,3213,KABUPATEN SUBANG,PEREMPUAN,65.31,POIN,7.45,"18,575"
316,32,JAWA BARAT,7.45,PERSEN,2018,8,32,SEMESTER II,405,POIN,16,32,PERDESAAN,7.98,PERSEN,27,32,3214,KABUPATEN PURWAKARTA,LAKI-LAKI,74.65,POIN,7.45,"18,575"
316,32,JAWA BARAT,7.45,PERSEN,2018,8,32,SEMESTER II,405,POIN,16,32,PERDESAAN,7.98,PERSEN,28,32,3214,KABUPATEN PURWAKARTA,PEREMPUAN,65.09,POIN,7.45,"18,575"
316,32,JAWA BARAT,7.45,PERSEN,2018,8,32,SEMESTER II,405,POIN,16,32,PERDESAAN,7.98,PERSEN,29,32,3215,KABUPATEN KARAWANG,LAKI-LAKI,73.6,POIN,7.45,"18,575"
316,32,JAWA BARAT,7.45,PERSEN,2018,8,32,SEMESTER II,405,POIN,16,32,PERDESAAN,7.98,PERSEN,30,32,3215,KABUPATEN KARAWANG,PEREMPUAN,66.57,POIN,7.45,"18,575"
316,32,JAWA BARAT,7.45,PERSEN,2018,8,32,SEMESTER II,405,POIN,16,32,PERDESAAN,7.98,PERSEN,31,32,3216,KABUPATEN BEKASI,LAKI-LAKI,78.49,POIN,7.45,"18,575"
316,32,JAWA BARAT,7.45,PERSEN,2018,8,32,SEMESTER II,405,POIN,16,32,PERDESAAN,7.98,PERSEN,32,32,3216,KABUPATEN BEKASI,PEREMPUAN,69.29,POIN,7.45,"18,575"
316,32,JAWA BARAT,7.45,PERSEN,2018,8,32,SEMESTER II,405,POIN,16,32,PERDESAAN,7.98,PERSEN,33,32,3217,KABUPATEN BANDUNG BARAT,LAKI-LAKI,72.51,POIN,7.45,"18,575"
316,32,JAWA BARAT,7.45,PERSEN,2018,8,32,SEMESTER II,405,POIN,16,32,PERDESAAN,7.98,PERSEN,34,32,3217,KABUPATEN BANDUNG BARAT,PEREMPUAN,57.41,POIN,7.45,"18,575"
316,32,JAWA BARAT,7.45,PERSEN,2018,8,32,SEMESTER II,405,POIN,16,32,PERDESAAN,7.98,PERSEN,35,32,3218,KABUPATEN PANGANDARAN,LAKI-LAKI,71.8,POIN,7.45,"18,575"
316,32,JAWA BARAT,7.45,PERSEN,2018,8,32,SEMESTER II,405,POIN,16,32,PERDESAAN,7.98,PERSEN,36,32,3218,KABUPATEN PANGANDARAN,PEREMPUAN,64.39,POIN,7.45,"18,575"
316,32,JAWA BARAT,7.45,PERSEN,2018,8,32,SEMESTER II,405,POIN,16,32,PERDESAAN,7.98,PERSEN,37,32,3271,KOTA BOGOR,LAKI-LAKI,80.17,POIN,7.45,"18,575"
316,32,JAWA BARAT,7.45,PERSEN,2018,8,32,SEMESTER II,405,POIN,16,32,PERDESAAN,7.98,PERSEN,38,32,3271,KOTA BOGOR,PEREMPUAN,72.89,POIN,7.45,"18,575"
316,32,JAWA BARAT,7.45,PERSEN,2018,8,32,SEMESTER II,405,POIN,16,32,PERDESAAN,7.98,PERSEN,39,32,3272,KOTA SUKABUMI,LAKI-LAKI,78.65,POIN,7.45,"18,575"
316,32,JAWA BARAT,7.45,PERSEN,2018,8,32,SEMESTER II,405,POIN,16,32,PERDESAAN,7.98,PERSEN,40,32,3272,KOTA SUKABUMI,PEREMPUAN,71.63,POIN,7.45,"18,575"
316,32,JAWA BARAT,7.45,PERSEN,2018,8,32,SEMESTER II,405,POIN,16,32,PERDESAAN,7.98,PERSEN,41,32,3273,KOTA BANDUNG,LAKI-LAKI,84.32,POIN,7.45,"18,575"
316,32,JAWA BARAT,7.45,PERSEN,2018,8,32,SEMESTER II,405,POIN,16,32,PERDESAAN,7.98,PERSEN,42,32,3273,KOTA BANDUNG,PEREMPUAN,80.2,POIN,7.45,"18,575"
316,32,JAWA BARAT,7.45,PERSEN,2018,8,32,SEMESTER II,405,POIN,16,32,PERDESAAN,7.98,PERSEN,43,32,3274,KOTA CIREBON,LAKI-LAKI,77.95,POIN,7.45,"18,575"
316,32,JAWA BARAT,7.45,PERSEN,2018,8,32,SEMESTER II,405,POIN,16,32,PERDESAAN,7.98,PERSEN,44,32,3274,KOTA CIREBON,PEREMPUAN,73.23,POIN,7.45,"18,575"
316,32,JAWA BARAT,7.45,PERSEN,2018,8,32,SEMESTER II,405,POIN,16,32,PERDESAAN,7.98,PERSEN,45,32,3275,KOTA BEKASI,LAKI-LAKI,85.56,POIN,7.45,"18,575"
316,32,JAWA BARAT,7.45,PERSEN,2018,8,32,SEMESTER II,405,POIN,16,32,PERDESAAN,7.98,PERSEN,46,32,3275,KOTA BEKASI,PEREMPUAN,79.79,POIN,7.45,"18,575"
316,32,JAWA BARAT,7.45,PERSEN,2018,8,32,SEMESTER II,405,POIN,16,32,PERDESAAN,7.98,PERSEN,47,32,3276,KOTA DEPOK,LAKI-LAKI,84.53,POIN,7.45,"18,575"
316,32,JAWA BARAT,7.45,PERSEN,2018,8,32,SEMESTER II,405,POIN,16,32,PERDESAAN,7.98,PERSEN,48,32,3276,KOTA DEPOK,PEREMPUAN,78.66,POIN,7.45,"18,575"
316,32,JAWA BARAT,7.45,PERSEN,2018,8,32,SEMESTER II,405,POIN,16,32,PERDESAAN,7.98,PERSEN,49,32,3277,KOTA CIMAHI,LAKI-LAKI,81.5,POIN,7.45,"18,575"
316,32,JAWA BARAT,7.45,PERSEN,2018,8,32,SEMESTER II,405,POIN,16,32,PERDESAAN,7.98,PERSEN,50,32,3277,KOTA CIMAHI,PEREMPUAN,75.27,POIN,7.45,"18,575"
316,32,JAWA BARAT,7.45,PERSEN,2018,8,32,SEMESTER II,405,POIN,16,32,PERDESAAN,7.98,PERSEN,51,32,3278,KOTA TASIKMALAYA,LAKI-LAKI,75.48,POIN,7.45,"18,575"
316,32,JAWA BARAT,7.45,PERSEN,2018,8,32,SEMESTER II,405,POIN,16,32,PERDESAAN,7.98,PERSEN,52,32,3278,KOTA TASIKMALAYA,PEREMPUAN,68.74,POIN,7.45,"18,575"
316,32,JAWA BARAT,7.45,PERSEN,2018,8,32,SEMESTER II,405,POIN,16,32,PERDESAAN,7.98,PERSEN,53,32,3279,KOTA BANJAR,LAKI-LAKI,76.12,POIN,7.45,"18,575"
316,32,JAWA BARAT,7.45,PERSEN,2018,8,32,SEMESTER II,405,POIN,16,32,PERDESAAN,7.98,PERSEN,54,32,3279,KOTA BANJAR,PEREMPUAN,66.31,POIN,6.91,"18,575"
354,32,JAWA BARAT,6.91,PERSEN,2019,9,32,SEMESTER I,402,POIN,17,32,PERKOTAAN,08.04,PERSEN,55,32,3201,KABUPATEN BOGOR,LAKI-LAKI,75.37,POIN,6.91,0.16
354,32,JAWA BARAT,6.91,PERSEN,2019,9,32,SEMESTER I,402,POIN,17,32,PERKOTAAN,08.04,PERSEN,56,32,3201,KABUPATEN BOGOR,PEREMPUAN,67.37,POIN,6.91,0.16
354,32,JAWA BARAT,6.91,PERSEN,2019,9,32,SEMESTER I,402,POIN,17,32,PERKOTAAN,08.04,PERSEN,57,32,3202,KABUPATEN SUKABUMI,LAKI-LAKI,72.21,POIN,6.91,0.16
354,32,JAWA BARAT,6.91,PERSEN,2019,9,32,SEMESTER I,402,POIN,17,32,PERKOTAAN,08.04,PERSEN,58,32,3202,KABUPATEN SUKABUMI,PEREMPUAN,63.13,POIN,6.91,0.16
354,32,JAWA BARAT,6.91,PERSEN,2019,9,32,SEMESTER I,402,POIN,17,32,PERKOTAAN,08.04,PERSEN,59,32,3203,KABUPATEN CIANJUR,LAKI-LAKI,69.89,POIN,6.91,0.16
354,32,JAWA BARAT,6.91,PERSEN,2019,9,32,SEMESTER I,402,POIN,17,32,PERKOTAAN,08.04,PERSEN,60,32,3203,KABUPATEN CIANJUR,PEREMPUAN,58.96,POIN,6.91,0.16
354,32,JAWA BARAT,6.91,PERSEN,2019,9,32,SEMESTER I,402,POIN,17,32,PERKOTAAN,08.04,PERSEN,61,32,3204,KABUPATEN BANDUNG,LAKI-LAKI,75.32,POIN,6.91,0.16
354,32,JAWA BARAT,6.91,PERSEN,2019,9,32,SEMESTER I,402,POIN,17,32,PERKOTAAN,08.04,PERSEN,62,32,3204,KABUPATEN BANDUNG,PEREMPUAN,70.77,POIN,6.91,0.16
354,32,JAWA BARAT,6.91,PERSEN,2019,9,32,SEMESTER I,402,POIN,17,32,PERKOTAAN,08.04,PERSEN,63,32,3205,KABUPATEN GARUT,LAKI-LAKI,70.73,POIN,6.91,0.16
354,32,JAWA BARAT,6.91,PERSEN,2019,9,32,SEMESTER I,402,POIN,17,32,PERKOTAAN,08.04,PERSEN,64,32,3205,KABUPATEN GARUT,PEREMPUAN,58.38,POIN,6.91,0.16
354,32,JAWA BARAT,6.91,PERSEN,2019,9,32,SEMESTER I,402,POIN,17,32,PERKOTAAN,08.04,PERSEN,65,32,3206,KABUPATEN TASIKMALAYA,LAKI-LAKI,70.4,POIN,6.91,0.16
354,32,JAWA BARAT,6.91,PERSEN,2019,9,32,SEMESTER I,402,POIN,17,32,PERKOTAAN,08.04,PERSEN,66,32,3206,KABUPATEN TASIKMALAYA,PEREMPUAN,60.58,POIN,6.91,0.16
354,32,JAWA BARAT,6.91,PERSEN,2019,9,32,SEMESTER I,402,POIN,17,32,PERKOTAAN,08.04,PERSEN,67,32,3207,KABUPATEN CIAMIS,LAKI-LAKI,75.96,POIN,6.91,0.16
354,32,JAWA BARAT,6.91,PERSEN,2019,9,32,SEMESTER I,402,POIN,17,32,PERKOTAAN,08.04,PERSEN,68,32,3207,KABUPATEN CIAMIS,PEREMPUAN,65.7,POIN,6.91,0.16
354,32,JAWA BARAT,6.91,PERSEN,2019,9,32,SEMESTER I,402,POIN,17,32,PERKOTAAN,08.04,PERSEN,69,32,3208,KABUPATEN KUNINGAN,LAKI-LAKI,74.53,POIN,6.91,0.16
354,32,JAWA BARAT,6.91,PERSEN,2019,9,32,SEMESTER I,402,POIN,17,32,PERKOTAAN,08.04,PERSEN,70,32,3208,KABUPATEN KUNINGAN,PEREMPUAN,64.78,POIN,6.91,0.16
354,32,JAWA BARAT,6.91,PERSEN,2019,9,32,SEMESTER I,402,POIN,17,32,PERKOTAAN,08.04,PERSEN,71,32,3209,KABUPATEN CIREBON,LAKI-LAKI,73.46,POIN,6.91,0.16
354,32,JAWA BARAT,6.91,PERSEN,2019,9,32,SEMESTER I,402,POIN,17,32,PERKOTAAN,08.04,PERSEN,72,32,3209,KABUPATEN CIREBON,PEREMPUAN,61.34,POIN,6.91,0.16
354,32,JAWA BARAT,6.91,PERSEN,2019,9,32,SEMESTER I,402,POIN,17,32,PERKOTAAN,08.04,PERSEN,73,32,3210,KABUPATEN MAJALENGKA,LAKI-LAKI,72.17,POIN,6.91,0.16
354,32,JAWA BARAT,6.91,PERSEN,2019,9,32,SEMESTER I,402,POIN,17,32,PERKOTAAN,08.04,PERSEN,74,32,3210,KABUPATEN MAJALENGKA,PEREMPUAN,61.89,POIN,6.91,0.16
354,32,JAWA BARAT,6.91,PERSEN,2019,9,32,SEMESTER I,402,POIN,17,32,PERKOTAAN,08.04,PERSEN,75,32,3211,KABUPATEN SUMEDANG,LAKI-LAKI,74.78,POIN,6.91,0.16
354,32,JAWA BARAT,6.91,PERSEN,2019,9,32,SEMESTER I,402,POIN,17,32,PERKOTAAN,08.04,PERSEN,76,32,3211,KABUPATEN SUMEDANG,PEREMPUAN,71.05,POIN,6.91,0.16
354,32,JAWA BARAT,6.91,PERSEN,2019,9,32,SEMESTER I,402,POIN,17,32,PERKOTAAN,08.04,PERSEN,77,32,3212,KABUPATEN INDRAMAYU,LAKI-LAKI,71.17,POIN,6.91,0.16
354,32,JAWA BARAT,6.91,PERSEN,2019,9,32,SEMESTER I,402,POIN,17,32,PERKOTAAN,08.04,PERSEN,78,32,3212,KABUPATEN INDRAMAYU,PEREMPUAN,62.88,POIN,6.91,0.16
354,32,JAWA BARAT,6.91,PERSEN,2019,9,32,SEMESTER I,402,POIN,17,32,PERKOTAAN,08.04,PERSEN,79,32,3213,KABUPATEN SUBANG,LAKI-LAKI,72.5,POIN,6.91,0.16
354,32,JAWA BARAT,6.91,PERSEN,2019,9,32,SEMESTER I,402,POIN,17,32,PERKOTAAN,08.04,PERSEN,80,32,3213,KABUPATEN SUBANG,PEREMPUAN,65.67,POIN,6.91,0.16
354,32,JAWA BARAT,6.91,PERSEN,2019,9,32,SEMESTER I,402,POIN,17,32,PERKOTAAN,08.04,PERSEN,81,32,3214,KABUPATEN PURWAKARTA,LAKI-LAKI,75.64,POIN,6.91,0.16
354,32,JAWA BARAT,6.91,PERSEN,2019,9,32,SEMESTER I,402,POIN,17,32,PERKOTAAN,08.04,PERSEN,82,32,3214,KABUPATEN PURWAKARTA,PEREMPUAN,65.64,POIN,6.91,0.16
354,32,JAWA BARAT,6.91,PERSEN,2019,9,32,SEMESTER I,402,POIN,17,32,PERKOTAAN,08.04,PERSEN,83,32,3215,KABUPATEN KARAWANG,LAKI-LAKI,74.57,POIN,6.91,0.16
354,32,JAWA BARAT,6.91,PERSEN,2019,9,32,SEMESTER I,402,POIN,17,32,PERKOTAAN,08.04,PERSEN,84,32,3215,KABUPATEN KARAWANG,PEREMPUAN,67.36,POIN,6.91,0.16
354,32,JAWA BARAT,6.91,PERSEN,2019,9,32,SEMESTER I,402,POIN,17,32,PERKOTAAN,08.04,PERSEN,85,32,3216,KABUPATEN BEKASI,LAKI-LAKI,78.88,POIN,6.91,0.16
354,32,JAWA BARAT,6.91,PERSEN,2019,9,32,SEMESTER I,402,POIN,17,32,PERKOTAAN,08.04,PERSEN,86,32,3216,KABUPATEN BEKASI,PEREMPUAN,69.95,POIN,6.91,0.16
354,32,JAWA BARAT,6.91,PERSEN,2019,9,32,SEMESTER I,402,POIN,17,32,PERKOTAAN,08.04,PERSEN,87,32,3217,KABUPATEN BANDUNG BARAT,LAKI-LAKI,73.39,POIN,6.91,0.16
354,32,JAWA BARAT,6.91,PERSEN,2019,9,32,SEMESTER I,402,POIN,17,32,PERKOTAAN,08.04,PERSEN,88,32,3217,KABUPATEN BANDUNG BARAT,PEREMPUAN,58.19,POIN,6.91,0.16
354,32,JAWA BARAT,6.91,PERSEN,2019,9,32,SEMESTER I,402,POIN,17,32,PERKOTAAN,08.04,PERSEN,89,32,3218,KABUPATEN PANGANDARAN,LAKI-LAKI,72.47,POIN,6.91,0.16
354,32,JAWA BARAT,6.91,PERSEN,2019,9,32,SEMESTER I,402,POIN,17,32,PERKOTAAN,08.04,PERSEN,90,32,3218,KABUPATEN PANGANDARAN,PEREMPUAN,65.24,POIN,6.91,0.16
354,32,JAWA BARAT,6.91,PERSEN,2019,9,32,SEMESTER I,402,POIN,17,32,PERKOTAAN,08.04,PERSEN,91,32,3271,KOTA BOGOR,LAKI-LAKI,80.65,POIN,6.91,0.16
354,32,JAWA BARAT,6.91,PERSEN,2019,9,32,SEMESTER I,402,POIN,17,32,PERKOTAAN,08.04,PERSEN,92,32,3271,KOTA BOGOR,PEREMPUAN,73.48,POIN,6.91,0.16
354,32,JAWA BARAT,6.91,PERSEN,2019,9,32,SEMESTER I,402,POIN,17,32,PERKOTAAN,08.04,PERSEN,93,32,3272,KOTA SUKABUMI,LAKI-LAKI,79.36,POIN,6.91,0.16
354,32,JAWA BARAT,6.91,PERSEN,2019,9,32,SEMESTER I,402,POIN,17,32,PERKOTAAN,08.04,PERSEN,94,32,3272,KOTA SUKABUMI,PEREMPUAN,72.57,POIN,6.91,0.16
354,32,JAWA BARAT,6.91,PERSEN,2019,9,32,SEMESTER I,402,POIN,17,32,PERKOTAAN,08.04,PERSEN,95,32,3273,KOTA BANDUNG,LAKI-LAKI,85.01,POIN,6.91,0.16
354,32,JAWA BARAT,6.91,PERSEN,2019,9,32,SEMESTER I,402,POIN,17,32,PERKOTAAN,08.04,PERSEN,96,32,3273,KOTA BANDUNG,PEREMPUAN,80.61,POIN,6.91,0.16
354,32,JAWA BARAT,6.91,PERSEN,2019,9,32,SEMESTER I,402,POIN,17,32,PERKOTAAN,08.04,PERSEN,97,32,3274,KOTA CIREBON,LAKI-LAKI,78.24,POIN,6.91,0.16
354,32,JAWA BARAT,6.91,PERSEN,2019,9,32,SEMESTER I,402,POIN,17,32,PERKOTAAN,08.04,PERSEN,98,32,3274,KOTA CIREBON,PEREMPUAN,73.82,POIN,6.91,0.16
354,32,JAWA BARAT,6.91,PERSEN,2019,9,32,SEMESTER I,402,POIN,17,32,PERKOTAAN,08.04,PERSEN,99,32,3275,KOTA BEKASI,LAKI-LAKI,86.13,POIN,6.91,0.16
354,32,JAWA BARAT,6.91,PERSEN,2019,9,32,SEMESTER I,402,POIN,17,32,PERKOTAAN,08.04,PERSEN,100,32,3275,KOTA BEKASI,PEREMPUAN,80.12,POIN,6.91,0.16
354,32,JAWA BARAT,6.91,PERSEN,2019,9,32,SEMESTER I,402,POIN,17,32,PERKOTAAN,08.04,PERSEN,101,32,3276,KOTA DEPOK,LAKI-LAKI,85.18,POIN,6.91,0.16
354,32,JAWA BARAT,6.91,PERSEN,2019,9,32,SEMESTER I,402,POIN,17,32,PERKOTAAN,08.04,PERSEN,102,32,3276,KOTA DEPOK,PEREMPUAN,79.03,POIN,6.91,0.16
354,32,JAWA BARAT,6.91,PERSEN,2019,9,32,SEMESTER I,402,POIN,17,32,PERKOTAAN,08.04,PERSEN,103,32,3277,KOTA CIMAHI,LAKI-LAKI,82.09,POIN,6.91,0.16
354,32,JAWA BARAT,6.91,PERSEN,2019,9,32,SEMESTER I,402,POIN,17,32,PERKOTAAN,08.04,PERSEN,104,32,3277,KOTA CIMAHI,PEREMPUAN,75.69,POIN,6.91,0.16
354,32,JAWA BARAT,6.91,PERSEN,2019,9,32,SEMESTER I,402,POIN,17,32,PERKOTAAN,08.04,PERSEN,105,32,3278,KOTA TASIKMALAYA,LAKI-LAKI,76.14,POIN,6.91,0.16
354,32,JAWA BARAT,6.91,PERSEN,2019,9,32,SEMESTER I,402,POIN,17,32,PERKOTAAN,08.04,PERSEN,106,32,3278,KOTA TASIKMALAYA,PEREMPUAN,69.65,POIN,6.91,0.16
354,32,JAWA BARAT,6.91,PERSEN,2019,9,32,SEMESTER I,402,POIN,17,32,PERKOTAAN,08.04,PERSEN,107,32,3279,KOTA BANJAR,LAKI-LAKI,76.64,POIN,6.91,0.16
354,32,JAWA BARAT,6.91,PERSEN,2019,9,32,SEMESTER I,402,POIN,17,32,PERKOTAAN,08.04,PERSEN,108,32,3279,KOTA BANJAR,PEREMPUAN,66.77,POIN,6.91,0.16
354,32,JAWA BARAT,6.91,PERSEN,2019,9,32,SEMESTER I,402,POIN,18,32,PERDESAAN,7.83,PERSEN,55,32,3201,KABUPATEN BOGOR,LAKI-LAKI,75.37,POIN,6.91,0.16
354,32,JAWA BARAT,6.91,PERSEN,2019,9,32,SEMESTER I,402,POIN,18,32,PERDESAAN,7.83,PERSEN,56,32,3201,KABUPATEN BOGOR,PEREMPUAN,67.37,POIN,6.91,0.16
354,32,JAWA BARAT,6.91,PERSEN,2019,9,32,SEMESTER I,402,POIN,18,32,PERDESAAN,7.83,PERSEN,57,32,3202,KABUPATEN SUKABUMI,LAKI-LAKI,72.21,POIN,6.91,0.16
354,32,JAWA BARAT,6.91,PERSEN,2019,9,32,SEMESTER I,402,POIN,18,32,PERDESAAN,7.83,PERSEN,58,32,3202,KABUPATEN SUKABUMI,PEREMPUAN,63.13,POIN,6.91,0.16
354,32,JAWA BARAT,6.91,PERSEN,2019,9,32,SEMESTER I,402,POIN,18,32,PERDESAAN,7.83,PERSEN,59,32,3203,KABUPATEN CIANJUR,LAKI-LAKI,69.89,POIN,6.91,0.16
354,32,JAWA BARAT,6.91,PERSEN,2019,9,32,SEMESTER I,402,POIN,18,32,PERDESAAN,7.83,PERSEN,60,32,3203,KABUPATEN CIANJUR,PEREMPUAN,58.96,POIN,6.91,0.16
354,32,JAWA BARAT,6.91,PERSEN,2019,9,32,SEMESTER I,402,POIN,18,32,PERDESAAN,7.83,PERSEN,61,32,3204,KABUPATEN BANDUNG,LAKI-LAKI,75.32,POIN,6.91,0.16
354,32,JAWA BARAT,6.91,PERSEN,2019,9,32,SEMESTER I,402,POIN,18,32,PERDESAAN,7.83,PERSEN,62,32,3204,KABUPATEN BANDUNG,PEREMPUAN,70.77,POIN,6.91,0.16
354,32,JAWA BARAT,6.91,PERSEN,2019,9,32,SEMESTER I,402,POIN,18,32,PERDESAAN,7.83,PERSEN,63,32,3205,KABUPATEN GARUT,LAKI-LAKI,70.73,POIN,6.91,0.16
354,32,JAWA BARAT,6.91,PERSEN,2019,9,32,SEMESTER I,402,POIN,18,32,PERDESAAN,7.83,PERSEN,64,32,3205,KABUPATEN GARUT,PEREMPUAN,58.38,POIN,6.91,0.16
354,32,JAWA BARAT,6.91,PERSEN,2019,9,32,SEMESTER I,402,POIN,18,32,PERDESAAN,7.83,PERSEN,65,32,3206,KABUPATEN TASIKMALAYA,LAKI-LAKI,70.4,POIN,6.91,0.16
354,32,JAWA BARAT,6.91,PERSEN,2019,9,32,SEMESTER I,402,POIN,18,32,PERDESAAN,7.83,PERSEN,66,32,3206,KABUPATEN TASIKMALAYA,PEREMPUAN,60.58,POIN,6.91,0.16
354,32,JAWA BARAT,6.91,PERSEN,2019,9,32,SEMESTER I,402,POIN,18,32,PERDESAAN,7.83,PERSEN,67,32,3207,KABUPATEN CIAMIS,LAKI-LAKI,75.96,POIN,6.91,0.16
354,32,JAWA BARAT,6.91,PERSEN,2019,9,32,SEMESTER I,402,POIN,18,32,PERDESAAN,7.83,PERSEN,68,32,3207,KABUPATEN CIAMIS,PEREMPUAN,65.7,POIN,6.91,0.16
354,32,JAWA BARAT,6.91,PERSEN,2019,9,32,SEMESTER I,402,POIN,18,32,PERDESAAN,7.83,PERSEN,69,32,3208,KABUPATEN KUNINGAN,LAKI-LAKI,74.53,POIN,6.91,0.16
354,32,JAWA BARAT,6.91,PERSEN,2019,9,32,SEMESTER I,402,POIN,18,32,PERDESAAN,7.83,PERSEN,70,32,3208,KABUPATEN KUNINGAN,PEREMPUAN,64.78,POIN,6.91,0.16
354,32,JAWA BARAT,6.91,PERSEN,2019,9,32,SEMESTER I,402,POIN,18,32,PERDESAAN,7.83,PERSEN,71,32,3209,KABUPATEN CIREBON,LAKI-LAKI,73.46,POIN,6.91,0.16
354,32,JAWA BARAT,6.91,PERSEN,2019,9,32,SEMESTER I,402,POIN,18,32,PERDESAAN,7.83,PERSEN,72,32,3209,KABUPATEN CIREBON,PEREMPUAN,61.34,POIN,6.91,0.16
354,32,JAWA BARAT,6.91,PERSEN,2019,9,32,SEMESTER I,402,POIN,18,32,PERDESAAN,7.83,PERSEN,73,32,3210,KABUPATEN MAJALENGKA,LAKI-LAKI,72.17,POIN,6.91,0.16
354,32,JAWA BARAT,6.91,PERSEN,2019,9,32,SEMESTER I,402,POIN,18,32,PERDESAAN,7.83,PERSEN,74,32,3210,KABUPATEN MAJALENGKA,PEREMPUAN,61.89,POIN,6.91,0.16
354,32,JAWA BARAT,6.91,PERSEN,2019,9,32,SEMESTER I,402,POIN,18,32,PERDESAAN,7.83,PERSEN,75,32,3211,KABUPATEN SUMEDANG,LAKI-LAKI,74.78,POIN,6.91,0.16
354,32,JAWA BARAT,6.91,PERSEN,2019,9,32,SEMESTER I,402,POIN,18,32,PERDESAAN,7.83,PERSEN,76,32,3211,KABUPATEN SUMEDANG,PEREMPUAN,71.05,POIN,6.91,0.16
354,32,JAWA BARAT,6.91,PERSEN,2019,9,32,SEMESTER I,402,POIN,18,32,PERDESAAN,7.83,PERSEN,77,32,3212,KABUPATEN INDRAMAYU,LAKI-LAKI,71.17,POIN,6.91,0.16
354,32,JAWA BARAT,6.91,PERSEN,2019,9,32,SEMESTER I,402,POIN,18,32,PERDESAAN,7.83,PERSEN,78,32,3212,KABUPATEN INDRAMAYU,PEREMPUAN,62.88,POIN,6.91,0.16
354,32,JAWA BARAT,6.91,PERSEN,2019,9,32,SEMESTER I,402,POIN,18,32,PERDESAAN,7.83,PERSEN,79,32,3213,KABUPATEN SUBANG,LAKI-LAKI,72.5,POIN,6.91,0.16
354,32,JAWA BARAT,6.91,PERSEN,2019,9,32,SEMESTER I,402,POIN,18,32,PERDESAAN,7.83,PERSEN,80,32,3213,KABUPATEN SUBANG,PEREMPUAN,65.67,POIN,6.91,0.16
354,32,JAWA BARAT,6.91,PERSEN,2019,9,32,SEMESTER I,402,POIN,18,32,PERDESAAN,7.83,PERSEN,81,32,3214,KABUPATEN PURWAKARTA,LAKI-LAKI,75.64,POIN,6.91,0.16
354,32,JAWA BARAT,6.91,PERSEN,2019,9,32,SEMESTER I,402,POIN,18,32,PERDESAAN,7.83,PERSEN,82,32,3214,KABUPATEN PURWAKARTA,PEREMPUAN,65.64,POIN,6.91,0.16
354,32,JAWA BARAT,6.91,PERSEN,2019,9,32,SEMESTER I,402,POIN,18,32,PERDESAAN,7.83,PERSEN,83,32,3215,KABUPATEN KARAWANG,LAKI-LAKI,74.57,POIN,6.91,0.16
354,32,JAWA BARAT,6.91,PERSEN,2019,9,32,SEMESTER I,402,POIN,18,32,PERDESAAN,7.83,PERSEN,84,32,3215,KABUPATEN KARAWANG,PEREMPUAN,67.36,POIN,6.91,0.16
354,32,JAWA BARAT,6.91,PERSEN,2019,9,32,SEMESTER I,402,POIN,18,32,PERDESAAN,7.83,PERSEN,85,32,3216,KABUPATEN BEKASI,LAKI-LAKI,78.88,POIN,6.91,0.16
354,32,JAWA BARAT,6.91,PERSEN,2019,9,32,SEMESTER I,402,POIN,18,32,PERDESAAN,7.83,PERSEN,86,32,3216,KABUPATEN BEKASI,PEREMPUAN,69.95,POIN,6.91,0.16
354,32,JAWA BARAT,6.91,PERSEN,2019,9,32,SEMESTER I,402,POIN,18,32,PERDESAAN,7.83,PERSEN,87,32,3217,KABUPATEN BANDUNG BARAT,LAKI-LAKI,73.39,POIN,6.91,0.16
354,32,JAWA BARAT,6.91,PERSEN,2019,9,32,SEMESTER I,402,POIN,18,32,PERDESAAN,7.83,PERSEN,88,32,3217,KABUPATEN BANDUNG BARAT,PEREMPUAN,58.19,POIN,6.91,0.16
354,32,JAWA BARAT,6.91,PERSEN,2019,9,32,SEMESTER I,402,POIN,18,32,PERDESAAN,7.83,PERSEN,89,32,3218,KABUPATEN PANGANDARAN,LAKI-LAKI,72.47,POIN,6.91,0.16
354,32,JAWA BARAT,6.91,PERSEN,2019,9,32,SEMESTER I,402,POIN,18,32,PERDESAAN,7.83,PERSEN,90,32,3218,KABUPATEN PANGANDARAN,PEREMPUAN,65.24,POIN,6.91,0.16
354,32,JAWA BARAT,6.91,PERSEN,2019,9,32,SEMESTER I,402,POIN,18,32,PERDESAAN,7.83,PERSEN,91,32,3271,KOTA BOGOR,LAKI-LAKI,80.65,POIN,6.91,0.16
354,32,JAWA BARAT,6.91,PERSEN,2019,9,32,SEMESTER I,402,POIN,18,32,PERDESAAN,7.83,PERSEN,92,32,3271,KOTA BOGOR,PEREMPUAN,73.48,POIN,6.91,0.16
354,32,JAWA BARAT,6.91,PERSEN,2019,9,32,SEMESTER I,402,POIN,18,32,PERDESAAN,7.83,PERSEN,93,32,3272,KOTA SUKABUMI,LAKI-LAKI,79.36,POIN,6.91,0.16
354,32,JAWA BARAT,6.91,PERSEN,2019,9,32,SEMESTER I,402,POIN,18,32,PERDESAAN,7.83,PERSEN,94,32,3272,KOTA SUKABUMI,PEREMPUAN,72.57,POIN,6.91,0.16
354,32,JAWA BARAT,6.91,PERSEN,2019,9,32,SEMESTER I,402,POIN,18,32,PERDESAAN,7.83,PERSEN,95,32,3273,KOTA BANDUNG,LAKI-LAKI,85.01,POIN,6.91,0.16
354,32,JAWA BARAT,6.91,PERSEN,2019,9,32,SEMESTER I,402,POIN,18,32,PERDESAAN,7.83,PERSEN,96,32,3273,KOTA BANDUNG,PEREMPUAN,80.61,POIN,6.91,0.16
354,32,JAWA BARAT,6.91,PERSEN,2019,9,32,SEMESTER I,402,POIN,18,32,PERDESAAN,7.83,PERSEN,97,32,3274,KOTA CIREBON,LAKI-LAKI,78.24,POIN,6.91,0.16
354,32,JAWA BARAT,6.91,PERSEN,2019,9,32,SEMESTER I,402,POIN,18,32,PERDESAAN,7.83,PERSEN,98,32,3274,KOTA CIREBON,PEREMPUAN,73.82,POIN,6.91,0.16
354,32,JAWA BARAT,6.91,PERSEN,2019,9,32,SEMESTER I,402,POIN,18,32,PERDESAAN,7.83,PERSEN,99,32,3275,KOTA BEKASI,LAKI-LAKI,86.13,POIN,6.91,0.16
354,32,JAWA BARAT,6.91,PERSEN,2019,9,32,SEMESTER I,402,POIN,18,32,PERDESAAN,7.83,PERSEN,100,32,3275,KOTA BEKASI,PEREMPUAN,80.12,POIN,6.91,0.16
354,32,JAWA BARAT,6.91,PERSEN,2019,9,32,SEMESTER I,402,POIN,18,32,PERDESAAN,7.83,PERSEN,101,32,3276,KOTA DEPOK,LAKI-LAKI,85.18,POIN,6.91,0.16
354,32,JAWA BARAT,6.91,PERSEN,2019,9,32,SEMESTER I,402,POIN,18,32,PERDESAAN,7.83,PERSEN,102,32,3276,KOTA DEPOK,PEREMPUAN,79.03,POIN,6.91,0.16
354,32,JAWA BARAT,6.91,PERSEN,2019,9,32,SEMESTER I,402,POIN,18,32,PERDESAAN,7.83,PERSEN,103,32,3277,KOTA CIMAHI,LAKI-LAKI,82.09,POIN,6.91,0.16
354,32,JAWA BARAT,6.91,PERSEN,2019,9,32,SEMESTER I,402,POIN,18,32,PERDESAAN,7.83,PERSEN,104,32,3277,KOTA CIMAHI,PEREMPUAN,75.69,POIN,6.91,0.16
354,32,JAWA BARAT,6.91,PERSEN,2019,9,32,SEMESTER I,402,POIN,18,32,PERDESAAN,7.83,PERSEN,105,32,3278,KOTA TASIKMALAYA,LAKI-LAKI,76.14,POIN,6.91,0.16
354,32,JAWA BARAT,6.91,PERSEN,2019,9,32,SEMESTER I,402,POIN,18,32,PERDESAAN,7.83,PERSEN,106,32,3278,KOTA TASIKMALAYA,PEREMPUAN,69.65,POIN,6.91,0.16
354,32,JAWA BARAT,6.91,PERSEN,2019,9,32,SEMESTER I,402,POIN,18,32,PERDESAAN,7.83,PERSEN,107,32,3279,KOTA BANJAR,LAKI-LAKI,76.64,POIN,6.91,0.16
354,32,JAWA BARAT,6.91,PERSEN,2019,9,32,SEMESTER I,402,POIN,18,32,PERDESAAN,7.83,PERSEN,108,32,3279,KOTA BANJAR,PEREMPUAN,66.77,POIN,6.91,0.16
354,32,JAWA BARAT,6.91,PERSEN,2019,10,32,SEMESTER II,398,POIN,17,32,PERKOTAAN,08.04,PERSEN,55,32,3201,KABUPATEN BOGOR,LAKI-LAKI,75.37,POIN,6.91,0.16
354,32,JAWA BARAT,6.91,PERSEN,2019,10,32,SEMESTER II,398,POIN,17,32,PERKOTAAN,08.04,PERSEN,56,32,3201,KABUPATEN BOGOR,PEREMPUAN,67.37,POIN,6.91,0.16
354,32,JAWA BARAT,6.91,PERSEN,2019,10,32,SEMESTER II,398,POIN,17,32,PERKOTAAN,08.04,PERSEN,57,32,3202,KABUPATEN SUKABUMI,LAKI-LAKI,72.21,POIN,6.91,0.16
354,32,JAWA BARAT,6.91,PERSEN,2019,10,32,SEMESTER II,398,POIN,17,32,PERKOTAAN,08.04,PERSEN,58,32,3202,KABUPATEN SUKABUMI,PEREMPUAN,63.13,POIN,6.91,0.16
354,32,JAWA BARAT,6.91,PERSEN,2019,10,32,SEMESTER II,398,POIN,17,32,PERKOTAAN,08.04,PERSEN,59,32,3203,KABUPATEN CIANJUR,LAKI-LAKI,69.89,POIN,6.91,0.16
354,32,JAWA BARAT,6.91,PERSEN,2019,10,32,SEMESTER II,398,POIN,17,32,PERKOTAAN,08.04,PERSEN,60,32,3203,KABUPATEN CIANJUR,PEREMPUAN,58.96,POIN,6.91,0.16
354,32,JAWA BARAT,6.91,PERSEN,2019,10,32,SEMESTER II,398,POIN,17,32,PERKOTAAN,08.04,PERSEN,61,32,3204,KABUPATEN BANDUNG,LAKI-LAKI,75.32,POIN,6.91,0.16
354,32,JAWA BARAT,6.91,PERSEN,2019,10,32,SEMESTER II,398,POIN,17,32,PERKOTAAN,08.04,PERSEN,62,32,3204,KABUPATEN BANDUNG,PEREMPUAN,70.77,POIN,6.91,0.16
354,32,JAWA BARAT,6.91,PERSEN,2019,10,32,SEMESTER II,398,POIN,17,32,PERKOTAAN,08.04,PERSEN,63,32,3205,KABUPATEN GARUT,LAKI-LAKI,70.73,POIN,6.91,0.16
354,32,JAWA BARAT,6.91,PERSEN,2019,10,32,SEMESTER II,398,POIN,17,32,PERKOTAAN,08.04,PERSEN,64,32,3205,KABUPATEN GARUT,PEREMPUAN,58.38,POIN,6.91,0.16
354,32,JAWA BARAT,6.91,PERSEN,2019,10,32,SEMESTER II,398,POIN,17,32,PERKOTAAN,08.04,PERSEN,65,32,3206,KABUPATEN TASIKMALAYA,LAKI-LAKI,70.4,POIN,6.91,0.16
354,32,JAWA BARAT,6.91,PERSEN,2019,10,32,SEMESTER II,398,POIN,17,32,PERKOTAAN,08.04,PERSEN,66,32,3206,KABUPATEN TASIKMALAYA,PEREMPUAN,60.58,POIN,6.91,0.16
354,32,JAWA BARAT,6.91,PERSEN,2019,10,32,SEMESTER II,398,POIN,17,32,PERKOTAAN,08.04,PERSEN,67,32,3207,KABUPATEN CIAMIS,LAKI-LAKI,75.96,POIN,6.91,0.16
354,32,JAWA BARAT,6.91,PERSEN,2019,10,32,SEMESTER II,398,POIN,17,32,PERKOTAAN,08.04,PERSEN,68,32,3207,KABUPATEN CIAMIS,PEREMPUAN,65.7,POIN,6.91,0.16
354,32,JAWA BARAT,6.91,PERSEN,2019,10,32,SEMESTER II,398,POIN,17,32,PERKOTAAN,08.04,PERSEN,69,32,3208,KABUPATEN KUNINGAN,LAKI-LAKI,74.53,POIN,6.91,0.16
354,32,JAWA BARAT,6.91,PERSEN,2019,10,32,SEMESTER II,398,POIN,17,32,PERKOTAAN,08.04,PERSEN,70,32,3208,KABUPATEN KUNINGAN,PEREMPUAN,64.78,POIN,6.91,0.16
354,32,JAWA BARAT,6.91,PERSEN,2019,10,32,SEMESTER II,398,POIN,17,32,PERKOTAAN,08.04,PERSEN,71,32,3209,KABUPATEN CIREBON,LAKI-LAKI,73.46,POIN,6.91,0.16
354,32,JAWA BARAT,6.91,PERSEN,2019,10,32,SEMESTER II,398,POIN,17,32,PERKOTAAN,08.04,PERSEN,72,32,3209,KABUPATEN CIREBON,PEREMPUAN,61.34,POIN,6.91,0.16
354,32,JAWA BARAT,6.91,PERSEN,2019,10,32,SEMESTER II,398,POIN,17,32,PERKOTAAN,08.04,PERSEN,73,32,3210,KABUPATEN MAJALENGKA,LAKI-LAKI,72.17,POIN,6.91,0.16
354,32,JAWA BARAT,6.91,PERSEN,2019,10,32,SEMESTER II,398,POIN,17,32,PERKOTAAN,08.04,PERSEN,74,32,3210,KABUPATEN MAJALENGKA,PEREMPUAN,61.89,POIN,6.91,0.16
354,32,JAWA BARAT,6.91,PERSEN,2019,10,32,SEMESTER II,398,POIN,17,32,PERKOTAAN,08.04,PERSEN,75,32,3211,KABUPATEN SUMEDANG,LAKI-LAKI,74.78,POIN,6.91,0.16
354,32,JAWA BARAT,6.91,PERSEN,2019,10,32,SEMESTER II,398,POIN,17,32,PERKOTAAN,08.04,PERSEN,76,32,3211,KABUPATEN SUMEDANG,PEREMPUAN,71.05,POIN,6.91,0.16
354,32,JAWA BARAT,6.91,PERSEN,2019,10,32,SEMESTER II,398,POIN,17,32,PERKOTAAN,08.04,PERSEN,77,32,3212,KABUPATEN INDRAMAYU,LAKI-LAKI,71.17,POIN,6.91,0.16
354,32,JAWA BARAT,6.91,PERSEN,2019,10,32,SEMESTER II,398,POIN,17,32,PERKOTAAN,08.04,PERSEN,78,32,3212,KABUPATEN INDRAMAYU,PEREMPUAN,62.88,POIN,6.91,0.16
354,32,JAWA BARAT,6.91,PERSEN,2019,10,32,SEMESTER II,398,POIN,17,32,PERKOTAAN,08.04,PERSEN,79,32,3213,KABUPATEN SUBANG,LAKI-LAKI,72.5,POIN,6.91,0.16
354,32,JAWA BARAT,6.91,PERSEN,2019,10,32,SEMESTER II,398,POIN,17,32,PERKOTAAN,08.04,PERSEN,80,32,3213,KABUPATEN SUBANG,PEREMPUAN,65.67,POIN,6.91,0.16
354,32,JAWA BARAT,6.91,PERSEN,2019,10,32,SEMESTER II,398,POIN,17,32,PERKOTAAN,08.04,PERSEN,81,32,3214,KABUPATEN PURWAKARTA,LAKI-LAKI,75.64,POIN,6.91,0.16
354,32,JAWA BARAT,6.91,PERSEN,2019,10,32,SEMESTER II,398,POIN,17,32,PERKOTAAN,08.04,PERSEN,82,32,3214,KABUPATEN PURWAKARTA,PEREMPUAN,65.64,POIN,6.91,0.16
354,32,JAWA BARAT,6.91,PERSEN,2019,10,32,SEMESTER II,398,POIN,17,32,PERKOTAAN,08.04,PERSEN,83,32,3215,KABUPATEN KARAWANG,LAKI-LAKI,74.57,POIN,6.91,0.16
354,32,JAWA BARAT,6.91,PERSEN,2019,10,32,SEMESTER II,398,POIN,17,32,PERKOTAAN,08.04,PERSEN,84,32,3215,KABUPATEN KARAWANG,PEREMPUAN,67.36,POIN,6.91,0.16
354,32,JAWA BARAT,6.91,PERSEN,2019,10,32,SEMESTER II,398,POIN,17,32,PERKOTAAN,08.04,PERSEN,85,32,3216,KABUPATEN BEKASI,LAKI-LAKI,78.88,POIN,6.91,0.16
354,32,JAWA BARAT,6.91,PERSEN,2019,10,32,SEMESTER II,398,POIN,17,32,PERKOTAAN,08.04,PERSEN,86,32,3216,KABUPATEN BEKASI,PEREMPUAN,69.95,POIN,6.91,0.16
354,32,JAWA BARAT,6.91,PERSEN,2019,10,32,SEMESTER II,398,POIN,17,32,PERKOTAAN,08.04,PERSEN,87,32,3217,KABUPATEN BANDUNG BARAT,LAKI-LAKI,73.39,POIN,6.91,0.16
354,32,JAWA BARAT,6.91,PERSEN,2019,10,32,SEMESTER II,398,POIN,17,32,PERKOTAAN,08.04,PERSEN,88,32,3217,KABUPATEN BANDUNG BARAT,PEREMPUAN,58.19,POIN,6.91,0.16
354,32,JAWA BARAT,6.91,PERSEN,2019,10,32,SEMESTER II,398,POIN,17,32,PERKOTAAN,08.04,PERSEN,89,32,3218,KABUPATEN PANGANDARAN,LAKI-LAKI,72.47,POIN,6.91,0.16
354,32,JAWA BARAT,6.91,PERSEN,2019,10,32,SEMESTER II,398,POIN,17,32,PERKOTAAN,08.04,PERSEN,90,32,3218,KABUPATEN PANGANDARAN,PEREMPUAN,65.24,POIN,6.91,0.16
354,32,JAWA BARAT,6.91,PERSEN,2019,10,32,SEMESTER II,398,POIN,17,32,PERKOTAAN,08.04,PERSEN,91,32,3271,KOTA BOGOR,LAKI-LAKI,80.65,POIN,6.91,0.16
354,32,JAWA BARAT,6.91,PERSEN,2019,10,32,SEMESTER II,398,POIN,17,32,PERKOTAAN,08.04,PERSEN,92,32,3271,KOTA BOGOR,PEREMPUAN,73.48,POIN,6.91,0.16
354,32,JAWA BARAT,6.91,PERSEN,2019,10,32,SEMESTER II,398,POIN,17,32,PERKOTAAN,08.04,PERSEN,93,32,3272,KOTA SUKABUMI,LAKI-LAKI,79.36,POIN,6.91,0.16
354,32,JAWA BARAT,6.91,PERSEN,2019,10,32,SEMESTER II,398,POIN,17,32,PERKOTAAN,08.04,PERSEN,94,32,3272,KOTA SUKABUMI,PEREMPUAN,72.57,POIN,6.91,0.16
354,32,JAWA BARAT,6.91,PERSEN,2019,10,32,SEMESTER II,398,POIN,17,32,PERKOTAAN,08.04,PERSEN,95,32,3273,KOTA BANDUNG,LAKI-LAKI,85.01,POIN,6.91,0.16
354,32,JAWA BARAT,6.91,PERSEN,2019,10,32,SEMESTER II,398,POIN,17,32,PERKOTAAN,08.04,PERSEN,96,32,3273,KOTA BANDUNG,PEREMPUAN,80.61,POIN,6.91,0.16
354,32,JAWA BARAT,6.91,PERSEN,2019,10,32,SEMESTER II,398,POIN,17,32,PERKOTAAN,08.04,PERSEN,97,32,3274,KOTA CIREBON,LAKI-LAKI,78.24,POIN,6.91,0.16
354,32,JAWA BARAT,6.91,PERSEN,2019,10,32,SEMESTER II,398,POIN,17,32,PERKOTAAN,08.04,PERSEN,98,32,3274,KOTA CIREBON,PEREMPUAN,73.82,POIN,6.91,0.16
354,32,JAWA BARAT,6.91,PERSEN,2019,10,32,SEMESTER II,398,POIN,17,32,PERKOTAAN,08.04,PERSEN,99,32,3275,KOTA BEKASI,LAKI-LAKI,86.13,POIN,6.91,0.16
354,32,JAWA BARAT,6.91,PERSEN,2019,10,32,SEMESTER II,398,POIN,17,32,PERKOTAAN,08.04,PERSEN,100,32,3275,KOTA BEKASI,PEREMPUAN,80.12,POIN,6.91,0.16
354,32,JAWA BARAT,6.91,PERSEN,2019,10,32,SEMESTER II,398,POIN,17,32,PERKOTAAN,08.04,PERSEN,101,32,3276,KOTA DEPOK,LAKI-LAKI,85.18,POIN,6.91,0.16
354,32,JAWA BARAT,6.91,PERSEN,2019,10,32,SEMESTER II,398,POIN,17,32,PERKOTAAN,08.04,PERSEN,102,32,3276,KOTA DEPOK,PEREMPUAN,79.03,POIN,6.91,0.16
354,32,JAWA BARAT,6.91,PERSEN,2019,10,32,SEMESTER II,398,POIN,17,32,PERKOTAAN,08.04,PERSEN,103,32,3277,KOTA CIMAHI,LAKI-LAKI,82.09,POIN,6.91,0.16
354,32,JAWA BARAT,6.91,PERSEN,2019,10,32,SEMESTER II,398,POIN,17,32,PERKOTAAN,08.04,PERSEN,104,32,3277,KOTA CIMAHI,PEREMPUAN,75.69,POIN,6.91,0.16
354,32,JAWA BARAT,6.91,PERSEN,2019,10,32,SEMESTER II,398,POIN,17,32,PERKOTAAN,08.04,PERSEN,105,32,3278,KOTA TASIKMALAYA,LAKI-LAKI,76.14,POIN,6.91,0.16
354,32,JAWA BARAT,6.91,PERSEN,2019,10,32,SEMESTER II,398,POIN,17,32,PERKOTAAN,08.04,PERSEN,106,32,3278,KOTA TASIKMALAYA,PEREMPUAN,69.65,POIN,6.91,0.16
354,32,JAWA BARAT,6.91,PERSEN,2019,10,32,SEMESTER II,398,POIN,17,32,PERKOTAAN,08.04,PERSEN,107,32,3279,KOTA BANJAR,LAKI-LAKI,76.64,POIN,6.91,0.16
354,32,JAWA BARAT,6.91,PERSEN,2019,10,32,SEMESTER II,398,POIN,17,32,PERKOTAAN,08.04,PERSEN,108,32,3279,KOTA BANJAR,PEREMPUAN,66.77,POIN,6.91,0.16
354,32,JAWA BARAT,6.91,PERSEN,2019,10,32,SEMESTER II,398,POIN,18,32,PERDESAAN,7.83,PERSEN,55,32,3201,KABUPATEN BOGOR,LAKI-LAKI,75.37,POIN,6.91,0.16
354,32,JAWA BARAT,6.91,PERSEN,2019,10,32,SEMESTER II,398,POIN,18,32,PERDESAAN,7.83,PERSEN,56,32,3201,KABUPATEN BOGOR,PEREMPUAN,67.37,POIN,6.91,0.16
354,32,JAWA BARAT,6.91,PERSEN,2019,10,32,SEMESTER II,398,POIN,18,32,PERDESAAN,7.83,PERSEN,57,32,3202,KABUPATEN SUKABUMI,LAKI-LAKI,72.21,POIN,6.91,0.16
354,32,JAWA BARAT,6.91,PERSEN,2019,10,32,SEMESTER II,398,POIN,18,32,PERDESAAN,7.83,PERSEN,58,32,3202,KABUPATEN SUKABUMI,PEREMPUAN,63.13,POIN,6.91,0.16
354,32,JAWA BARAT,6.91,PERSEN,2019,10,32,SEMESTER II,398,POIN,18,32,PERDESAAN,7.83,PERSEN,59,32,3203,KABUPATEN CIANJUR,LAKI-LAKI,69.89,POIN,6.91,0.16
354,32,JAWA BARAT,6.91,PERSEN,2019,10,32,SEMESTER II,398,POIN,18,32,PERDESAAN,7.83,PERSEN,60,32,3203,KABUPATEN CIANJUR,PEREMPUAN,58.96,POIN,6.91,0.16
354,32,JAWA BARAT,6.91,PERSEN,2019,10,32,SEMESTER II,398,POIN,18,32,PERDESAAN,7.83,PERSEN,61,32,3204,KABUPATEN BANDUNG,LAKI-LAKI,75.32,POIN,6.91,0.16
354,32,JAWA BARAT,6.91,PERSEN,2019,10,32,SEMESTER II,398,POIN,18,32,PERDESAAN,7.83,PERSEN,62,32,3204,KABUPATEN BANDUNG,PEREMPUAN,70.77,POIN,6.91,0.16
354,32,JAWA BARAT,6.91,PERSEN,2019,10,32,SEMESTER II,398,POIN,18,32,PERDESAAN,7.83,PERSEN,63,32,3205,KABUPATEN GARUT,LAKI-LAKI,70.73,POIN,6.91,0.16
354,32,JAWA BARAT,6.91,PERSEN,2019,10,32,SEMESTER II,398,POIN,18,32,PERDESAAN,7.83,PERSEN,64,32,3205,KABUPATEN GARUT,PEREMPUAN,58.38,POIN,6.91,0.16
354,32,JAWA BARAT,6.91,PERSEN,2019,10,32,SEMESTER II,398,POIN,18,32,PERDESAAN,7.83,PERSEN,65,32,3206,KABUPATEN TASIKMALAYA,LAKI-LAKI,70.4,POIN,6.91,0.16
354,32,JAWA BARAT,6.91,PERSEN,2019,10,32,SEMESTER II,398,POIN,18,32,PERDESAAN,7.83,PERSEN,66,32,3206,KABUPATEN TASIKMALAYA,PEREMPUAN,60.58,POIN,6.91,0.16
354,32,JAWA BARAT,6.91,PERSEN,2019,10,32,SEMESTER II,398,POIN,18,32,PERDESAAN,7.83,PERSEN,67,32,3207,KABUPATEN CIAMIS,LAKI-LAKI,75.96,POIN,6.91,0.16
354,32,JAWA BARAT,6.91,PERSEN,2019,10,32,SEMESTER II,398,POIN,18,32,PERDESAAN,7.83,PERSEN,68,32,3207,KABUPATEN CIAMIS,PEREMPUAN,65.7,POIN,6.91,0.16
354,32,JAWA BARAT,6.91,PERSEN,2019,10,32,SEMESTER II,398,POIN,18,32,PERDESAAN,7.83,PERSEN,69,32,3208,KABUPATEN KUNINGAN,LAKI-LAKI,74.53,POIN,6.91,0.16
354,32,JAWA BARAT,6.91,PERSEN,2019,10,32,SEMESTER II,398,POIN,18,32,PERDESAAN,7.83,PERSEN,70,32,3208,KABUPATEN KUNINGAN,PEREMPUAN,64.78,POIN,6.91,0.16
354,32,JAWA BARAT,6.91,PERSEN,2019,10,32,SEMESTER II,398,POIN,18,32,PERDESAAN,7.83,PERSEN,71,32,3209,KABUPATEN CIREBON,LAKI-LAKI,73.46,POIN,6.91,0.16
354,32,JAWA BARAT,6.91,PERSEN,2019,10,32,SEMESTER II,398,POIN,18,32,PERDESAAN,7.83,PERSEN,72,32,3209,KABUPATEN CIREBON,PEREMPUAN,61.34,POIN,6.91,0.16
354,32,JAWA BARAT,6.91,PERSEN,2019,10,32,SEMESTER II,398,POIN,18,32,PERDESAAN,7.83,PERSEN,73,32,3210,KABUPATEN MAJALENGKA,LAKI-LAKI,72.17,POIN,6.91,0.16
354,32,JAWA BARAT,6.91,PERSEN,2019,10,32,SEMESTER II,398,POIN,18,32,PERDESAAN,7.83,PERSEN,74,32,3210,KABUPATEN MAJALENGKA,PEREMPUAN,61.89,POIN,6.91,0.16
354,32,JAWA BARAT,6.91,PERSEN,2019,10,32,SEMESTER II,398,POIN,18,32,PERDESAAN,7.83,PERSEN,75,32,3211,KABUPATEN SUMEDANG,LAKI-LAKI,74.78,POIN,6.91,0.16
354,32,JAWA BARAT,6.91,PERSEN,2019,10,32,SEMESTER II,398,POIN,18,32,PERDESAAN,7.83,PERSEN,76,32,3211,KABUPATEN SUMEDANG,PEREMPUAN,71.05,POIN,6.91,0.16
354,32,JAWA BARAT,6.91,PERSEN,2019,10,32,SEMESTER II,398,POIN,18,32,PERDESAAN,7.83,PERSEN,77,32,3212,KABUPATEN INDRAMAYU,LAKI-LAKI,71.17,POIN,6.91,0.16
354,32,JAWA BARAT,6.91,PERSEN,2019,10,32,SEMESTER II,398,POIN,18,32,PERDESAAN,7.83,PERSEN,78,32,3212,KABUPATEN INDRAMAYU,PEREMPUAN,62.88,POIN,6.91,0.16
354,32,JAWA BARAT,6.91,PERSEN,2019,10,32,SEMESTER II,398,POIN,18,32,PERDESAAN,7.83,PERSEN,79,32,3213,KABUPATEN SUBANG,LAKI-LAKI,72.5,POIN,6.91,0.16
354,32,JAWA BARAT,6.91,PERSEN,2019,10,32,SEMESTER II,398,POIN,18,32,PERDESAAN,7.83,PERSEN,80,32,3213,KABUPATEN SUBANG,PEREMPUAN,65.67,POIN,6.91,0.16
354,32,JAWA BARAT,6.91,PERSEN,2019,10,32,SEMESTER II,398,POIN,18,32,PERDESAAN,7.83,PERSEN,81,32,3214,KABUPATEN PURWAKARTA,LAKI-LAKI,75.64,POIN,6.91,0.16
354,32,JAWA BARAT,6.91,PERSEN,2019,10,32,SEMESTER II,398,POIN,18,32,PERDESAAN,7.83,PERSEN,82,32,3214,KABUPATEN PURWAKARTA,PEREMPUAN,65.64,POIN,6.91,0.16
354,32,JAWA BARAT,6.91,PERSEN,2019,10,32,SEMESTER II,398,POIN,18,32,PERDESAAN,7.83,PERSEN,83,32,3215,KABUPATEN KARAWANG,LAKI-LAKI,74.57,POIN,6.91,0.16
354,32,JAWA BARAT,6.91,PERSEN,2019,10,32,SEMESTER II,398,POIN,18,32,PERDESAAN,7.83,PERSEN,84,32,3215,KABUPATEN KARAWANG,PEREMPUAN,67.36,POIN,6.91,0.16
354,32,JAWA BARAT,6.91,PERSEN,2019,10,32,SEMESTER II,398,POIN,18,32,PERDESAAN,7.83,PERSEN,85,32,3216,KABUPATEN BEKASI,LAKI-LAKI,78.88,POIN,6.91,0.16
354,32,JAWA BARAT,6.91,PERSEN,2019,10,32,SEMESTER II,398,POIN,18,32,PERDESAAN,7.83,PERSEN,86,32,3216,KABUPATEN BEKASI,PEREMPUAN,69.95,POIN,6.91,0.16
354,32,JAWA BARAT,6.91,PERSEN,2019,10,32,SEMESTER II,398,POIN,18,32,PERDESAAN,7.83,PERSEN,87,32,3217,KABUPATEN BANDUNG BARAT,LAKI-LAKI,73.39,POIN,6.91,0.16
354,32,JAWA BARAT,6.91,PERSEN,2019,10,32,SEMESTER II,398,POIN,18,32,PERDESAAN,7.83,PERSEN,88,32,3217,KABUPATEN BANDUNG BARAT,PEREMPUAN,58.19,POIN,6.91,0.16
354,32,JAWA BARAT,6.91,PERSEN,2019,10,32,SEMESTER II,398,POIN,18,32,PERDESAAN,7.83,PERSEN,89,32,3218,KABUPATEN PANGANDARAN,LAKI-LAKI,72.47,POIN,6.91,0.16
354,32,JAWA BARAT,6.91,PERSEN,2019,10,32,SEMESTER II,398,POIN,18,32,PERDESAAN,7.83,PERSEN,90,32,3218,KABUPATEN PANGANDARAN,PEREMPUAN,65.24,POIN,6.91,0.16
354,32,JAWA BARAT,6.91,PERSEN,2019,10,32,SEMESTER II,398,POIN,18,32,PERDESAAN,7.83,PERSEN,91,32,3271,KOTA BOGOR,LAKI-LAKI,80.65,POIN,6.91,0.16
354,32,JAWA BARAT,6.91,PERSEN,2019,10,32,SEMESTER II,398,POIN,18,32,PERDESAAN,7.83,PERSEN,92,32,3271,KOTA BOGOR,PEREMPUAN,73.48,POIN,6.91,0.16
354,32,JAWA BARAT,6.91,PERSEN,2019,10,32,SEMESTER II,398,POIN,18,32,PERDESAAN,7.83,PERSEN,93,32,3272,KOTA SUKABUMI,LAKI-LAKI,79.36,POIN,6.91,0.16
354,32,JAWA BARAT,6.91,PERSEN,2019,10,32,SEMESTER II,398,POIN,18,32,PERDESAAN,7.83,PERSEN,94,32,3272,KOTA SUKABUMI,PEREMPUAN,72.57,POIN,6.91,0.16
354,32,JAWA BARAT,6.91,PERSEN,2019,10,32,SEMESTER II,398,POIN,18,32,PERDESAAN,7.83,PERSEN,95,32,3273,KOTA BANDUNG,LAKI-LAKI,85.01,POIN,6.91,0.16
354,32,JAWA BARAT,6.91,PERSEN,2019,10,32,SEMESTER II,398,POIN,18,32,PERDESAAN,7.83,PERSEN,96,32,3273,KOTA BANDUNG,PEREMPUAN,80.61,POIN,6.91,0.16
354,32,JAWA BARAT,6.91,PERSEN,2019,10,32,SEMESTER II,398,POIN,18,32,PERDESAAN,7.83,PERSEN,97,32,3274,KOTA CIREBON,LAKI-LAKI,78.24,POIN,6.91,0.16
354,32,JAWA BARAT,6.91,PERSEN,2019,10,32,SEMESTER II,398,POIN,18,32,PERDESAAN,7.83,PERSEN,98,32,3274,KOTA CIREBON,PEREMPUAN,73.82,POIN,6.91,0.16
354,32,JAWA BARAT,6.91,PERSEN,2019,10,32,SEMESTER II,398,POIN,18,32,PERDESAAN,7.83,PERSEN,99,32,3275,KOTA BEKASI,LAKI-LAKI,86.13,POIN,6.91,0.16
354,32,JAWA BARAT,6.91,PERSEN,2019,10,32,SEMESTER II,398,POIN,18,32,PERDESAAN,7.83,PERSEN,100,32,3275,KOTA BEKASI,PEREMPUAN,80.12,POIN,6.91,0.16
354,32,JAWA BARAT,6.91,PERSEN,2019,10,32,SEMESTER II,398,POIN,18,32,PERDESAAN,7.83,PERSEN,101,32,3276,KOTA DEPOK,LAKI-LAKI,85.18,POIN,6.91,0.16
354,32,JAWA BARAT,6.91,PERSEN,2019,10,32,SEMESTER II,398,POIN,18,32,PERDESAAN,7.83,PERSEN,102,32,3276,KOTA DEPOK,PEREMPUAN,79.03,POIN,6.91,0.16
354,32,JAWA BARAT,6.91,PERSEN,2019,10,32,SEMESTER II,398,POIN,18,32,PERDESAAN,7.83,PERSEN,103,32,3277,KOTA CIMAHI,LAKI-LAKI,82.09,POIN,6.91,0.16
354,32,JAWA BARAT,6.91,PERSEN,2019,10,32,SEMESTER II,398,POIN,18,32,PERDESAAN,7.83,PERSEN,104,32,3277,KOTA CIMAHI,PEREMPUAN,75.69,POIN,6.91,0.16
354,32,JAWA BARAT,6.91,PERSEN,2019,10,32,SEMESTER II,398,POIN,18,32,PERDESAAN,7.83,PERSEN,105,32,3278,KOTA TASIKMALAYA,LAKI-LAKI,76.14,POIN,6.91,0.16
354,32,JAWA BARAT,6.91,PERSEN,2019,10,32,SEMESTER II,398,POIN,18,32,PERDESAAN,7.83,PERSEN,106,32,3278,KOTA TASIKMALAYA,PEREMPUAN,69.65,POIN,6.91,0.16
354,32,JAWA BARAT,6.91,PERSEN,2019,10,32,SEMESTER II,398,POIN,18,32,PERDESAAN,7.83,PERSEN,107,32,3279,KOTA BANJAR,LAKI-LAKI,76.64,POIN,6.91,0.16
354,32,JAWA BARAT,6.91,PERSEN,2019,10,32,SEMESTER II,398,POIN,18,32,PERDESAAN,7.83,PERSEN,108,32,3279,KOTA BANJAR,PEREMPUAN,66.77,POIN,7.88,0.16
392,32,JAWA BARAT,7.88,PERSEN,2020,11,32,SEMESTER I,403,POIN,19,32,PERKOTAAN,11.07,PERSEN,109,32,3201,KABUPATEN BOGOR,LAKI-LAKI,75.18,POIN,7.88,"10,875"
392,32,JAWA BARAT,7.88,PERSEN,2020,11,32,SEMESTER I,403,POIN,19,32,PERKOTAAN,11.07,PERSEN,110,32,3201,KABUPATEN BOGOR,PEREMPUAN,67.08,POIN,7.88,"10,875"
392,32,JAWA BARAT,7.88,PERSEN,2020,11,32,SEMESTER I,403,POIN,19,32,PERKOTAAN,11.07,PERSEN,111,32,3202,KABUPATEN SUKABUMI,LAKI-LAKI,72.26,POIN,7.88,"10,875"
392,32,JAWA BARAT,7.88,PERSEN,2020,11,32,SEMESTER I,403,POIN,19,32,PERKOTAAN,11.07,PERSEN,112,32,3202,KABUPATEN SUKABUMI,PEREMPUAN,63.13,POIN,7.88,"10,875"
392,32,JAWA BARAT,7.88,PERSEN,2020,11,32,SEMESTER I,403,POIN,19,32,PERKOTAAN,11.07,PERSEN,113,32,3203,KABUPATEN CIANJUR,LAKI-LAKI,69.88,POIN,7.88,"10,875"
392,32,JAWA BARAT,7.88,PERSEN,2020,11,32,SEMESTER I,403,POIN,19,32,PERKOTAAN,11.07,PERSEN,114,32,3203,KABUPATEN CIANJUR,PEREMPUAN,58.8,POIN,7.88,"10,875"
392,32,JAWA BARAT,7.88,PERSEN,2020,11,32,SEMESTER I,403,POIN,19,32,PERKOTAAN,11.07,PERSEN,115,32,3204,KABUPATEN BANDUNG,LAKI-LAKI,75.31,POIN,7.88,"10,875"
392,32,JAWA BARAT,7.88,PERSEN,2020,11,32,SEMESTER I,403,POIN,19,32,PERKOTAAN,11.07,PERSEN,116,32,3204,KABUPATEN BANDUNG,PEREMPUAN,70.75,POIN,7.88,"10,875"
392,32,JAWA BARAT,7.88,PERSEN,2020,11,32,SEMESTER I,403,POIN,19,32,PERKOTAAN,11.07,PERSEN,117,32,3205,KABUPATEN GARUT,LAKI-LAKI,70.68,POIN,7.88,"10,875"
392,32,JAWA BARAT,7.88,PERSEN,2020,11,32,SEMESTER I,403,POIN,19,32,PERKOTAAN,11.07,PERSEN,118,32,3205,KABUPATEN GARUT,PEREMPUAN,58.16,POIN,7.88,"10,875"
392,32,JAWA BARAT,7.88,PERSEN,2020,11,32,SEMESTER I,403,POIN,19,32,PERKOTAAN,11.07,PERSEN,119,32,3206,KABUPATEN TASIKMALAYA,LAKI-LAKI,70.44,POIN,7.88,"10,875"
392,32,JAWA BARAT,7.88,PERSEN,2020,11,32,SEMESTER I,403,POIN,19,32,PERKOTAAN,11.07,PERSEN,120,32,3206,KABUPATEN TASIKMALAYA,PEREMPUAN,60.59,POIN,7.88,"10,875"
392,32,JAWA BARAT,7.88,PERSEN,2020,11,32,SEMESTER I,403,POIN,19,32,PERKOTAAN,11.07,PERSEN,121,32,3207,KABUPATEN CIAMIS,LAKI-LAKI,75.97,POIN,7.88,"10,875"
392,32,JAWA BARAT,7.88,PERSEN,2020,11,32,SEMESTER I,403,POIN,19,32,PERKOTAAN,11.07,PERSEN,122,32,3207,KABUPATEN CIAMIS,PEREMPUAN,65.8,POIN,7.88,"10,875"
392,32,JAWA BARAT,7.88,PERSEN,2020,11,32,SEMESTER I,403,POIN,19,32,PERKOTAAN,11.07,PERSEN,123,32,3208,KABUPATEN KUNINGAN,LAKI-LAKI,74.82,POIN,7.88,"10,875"
392,32,JAWA BARAT,7.88,PERSEN,2020,11,32,SEMESTER I,403,POIN,19,32,PERKOTAAN,11.07,PERSEN,124,32,3208,KABUPATEN KUNINGAN,PEREMPUAN,64.95,POIN,7.88,"10,875"
392,32,JAWA BARAT,7.88,PERSEN,2020,11,32,SEMESTER I,403,POIN,19,32,PERKOTAAN,11.07,PERSEN,125,32,3209,KABUPATEN CIREBON,LAKI-LAKI,73.55,POIN,7.88,"10,875"
392,32,JAWA BARAT,7.88,PERSEN,2020,11,32,SEMESTER I,403,POIN,19,32,PERKOTAAN,11.07,PERSEN,126,32,3209,KABUPATEN CIREBON,PEREMPUAN,61.39,POIN,7.88,"10,875"
392,32,JAWA BARAT,7.88,PERSEN,2020,11,32,SEMESTER I,403,POIN,19,32,PERKOTAAN,11.07,PERSEN,127,32,3210,KABUPATEN MAJALENGKA,LAKI-LAKI,72.24,POIN,7.88,"10,875"
392,32,JAWA BARAT,7.88,PERSEN,2020,11,32,SEMESTER I,403,POIN,19,32,PERKOTAAN,11.07,PERSEN,128,32,3210,KABUPATEN MAJALENGKA,PEREMPUAN,62.06,POIN,7.88,"10,875"
392,32,JAWA BARAT,7.88,PERSEN,2020,11,32,SEMESTER I,403,POIN,19,32,PERKOTAAN,11.07,PERSEN,129,32,3211,KABUPATEN SUMEDANG,LAKI-LAKI,74.9,POIN,7.88,"10,875"
392,32,JAWA BARAT,7.88,PERSEN,2020,11,32,SEMESTER I,403,POIN,19,32,PERKOTAAN,11.07,PERSEN,130,32,3211,KABUPATEN SUMEDANG,PEREMPUAN,71.29,POIN,7.88,"10,875"
392,32,JAWA BARAT,7.88,PERSEN,2020,11,32,SEMESTER I,403,POIN,19,32,PERKOTAAN,11.07,PERSEN,131,32,3212,KABUPATEN INDRAMAYU,LAKI-LAKI,71.55,POIN,7.88,"10,875"
392,32,JAWA BARAT,7.88,PERSEN,2020,11,32,SEMESTER I,403,POIN,19,32,PERKOTAAN,11.07,PERSEN,132,32,3212,KABUPATEN INDRAMAYU,PEREMPUAN,63.07,POIN,7.88,"10,875"
392,32,JAWA BARAT,7.88,PERSEN,2020,11,32,SEMESTER I,403,POIN,19,32,PERKOTAAN,11.07,PERSEN,133,32,3213,KABUPATEN SUBANG,LAKI-LAKI,72.79,POIN,7.88,"10,875"
392,32,JAWA BARAT,7.88,PERSEN,2020,11,32,SEMESTER I,403,POIN,19,32,PERKOTAAN,11.07,PERSEN,134,32,3213,KABUPATEN SUBANG,PEREMPUAN,65.9,POIN,7.88,"10,875"
392,32,JAWA BARAT,7.88,PERSEN,2020,11,32,SEMESTER I,403,POIN,19,32,PERKOTAAN,11.07,PERSEN,135,32,3214,KABUPATEN PURWAKARTA,LAKI-LAKI,75.83,POIN,7.88,"10,875"
392,32,JAWA BARAT,7.88,PERSEN,2020,11,32,SEMESTER I,403,POIN,19,32,PERKOTAAN,11.07,PERSEN,136,32,3214,KABUPATEN PURWAKARTA,PEREMPUAN,65.64,POIN,7.88,"10,875"
392,32,JAWA BARAT,7.88,PERSEN,2020,11,32,SEMESTER I,403,POIN,19,32,PERKOTAAN,11.07,PERSEN,137,32,3215,KABUPATEN KARAWANG,LAKI-LAKI,74.5,POIN,7.88,"10,875"
392,32,JAWA BARAT,7.88,PERSEN,2020,11,32,SEMESTER I,403,POIN,19,32,PERKOTAAN,11.07,PERSEN,138,32,3215,KABUPATEN KARAWANG,PEREMPUAN,67.14,POIN,7.88,"10,875"
392,32,JAWA BARAT,7.88,PERSEN,2020,11,32,SEMESTER I,403,POIN,19,32,PERKOTAAN,11.07,PERSEN,139,32,3216,KABUPATEN BEKASI,LAKI-LAKI,79.0,POIN,7.88,"10,875"
392,32,JAWA BARAT,7.88,PERSEN,2020,11,32,SEMESTER I,403,POIN,19,32,PERKOTAAN,11.07,PERSEN,140,32,3216,KABUPATEN BEKASI,PEREMPUAN,69.98,POIN,7.88,"10,875"
392,32,JAWA BARAT,7.88,PERSEN,2020,11,32,SEMESTER I,403,POIN,19,32,PERKOTAAN,11.07,PERSEN,141,32,3217,KABUPATEN BANDUNG BARAT,LAKI-LAKI,73.26,POIN,7.88,"10,875"
392,32,JAWA BARAT,7.88,PERSEN,2020,11,32,SEMESTER I,403,POIN,19,32,PERKOTAAN,11.07,PERSEN,142,32,3217,KABUPATEN BANDUNG BARAT,PEREMPUAN,57.92,POIN,7.88,"10,875"
392,32,JAWA BARAT,7.88,PERSEN,2020,11,32,SEMESTER I,403,POIN,19,32,PERKOTAAN,11.07,PERSEN,143,32,3218,KABUPATEN PANGANDARAN,LAKI-LAKI,72.41,POIN,7.88,"10,875"
392,32,JAWA BARAT,7.88,PERSEN,2020,11,32,SEMESTER I,403,POIN,19,32,PERKOTAAN,11.07,PERSEN,144,32,3218,KABUPATEN PANGANDARAN,PEREMPUAN,65.01,POIN,7.88,"10,875"
392,32,JAWA BARAT,7.88,PERSEN,2020,11,32,SEMESTER I,403,POIN,19,32,PERKOTAAN,11.07,PERSEN,145,32,3271,KOTA BOGOR,LAKI-LAKI,80.59,POIN,7.88,"10,875"
392,32,JAWA BARAT,7.88,PERSEN,2020,11,32,SEMESTER I,403,POIN,19,32,PERKOTAAN,11.07,PERSEN,146,32,3271,KOTA BOGOR,PEREMPUAN,73.35,POIN,7.88,"10,875"
392,32,JAWA BARAT,7.88,PERSEN,2020,11,32,SEMESTER I,403,POIN,19,32,PERKOTAAN,11.07,PERSEN,147,32,3272,KOTA SUKABUMI,LAKI-LAKI,79.31,POIN,7.88,"10,875"
392,32,JAWA BARAT,7.88,PERSEN,2020,11,32,SEMESTER I,403,POIN,19,32,PERKOTAAN,11.07,PERSEN,148,32,3272,KOTA SUKABUMI,PEREMPUAN,72.46,POIN,7.88,"10,875"
392,32,JAWA BARAT,7.88,PERSEN,2020,11,32,SEMESTER I,403,POIN,19,32,PERKOTAAN,11.07,PERSEN,149,32,3273,KOTA BANDUNG,LAKI-LAKI,84.95,POIN,7.88,"10,875"
392,32,JAWA BARAT,7.88,PERSEN,2020,11,32,SEMESTER I,403,POIN,19,32,PERKOTAAN,11.07,PERSEN,150,32,3273,KOTA BANDUNG,PEREMPUAN,80.43,POIN,7.88,"10,875"
392,32,JAWA BARAT,7.88,PERSEN,2020,11,32,SEMESTER I,403,POIN,19,32,PERKOTAAN,11.07,PERSEN,151,32,3274,KOTA CIREBON,LAKI-LAKI,78.2,POIN,7.88,"10,875"
392,32,JAWA BARAT,7.88,PERSEN,2020,11,32,SEMESTER I,403,POIN,19,32,PERKOTAAN,11.07,PERSEN,152,32,3274,KOTA CIREBON,PEREMPUAN,73.81,POIN,7.88,"10,875"
392,32,JAWA BARAT,7.88,PERSEN,2020,11,32,SEMESTER I,403,POIN,19,32,PERKOTAAN,11.07,PERSEN,153,32,3275,KOTA BEKASI,LAKI-LAKI,86.04,POIN,7.88,"10,875"
392,32,JAWA BARAT,7.88,PERSEN,2020,11,32,SEMESTER I,403,POIN,19,32,PERKOTAAN,11.07,PERSEN,154,32,3275,KOTA BEKASI,PEREMPUAN,79.97,POIN,7.88,"10,875"
392,32,JAWA BARAT,7.88,PERSEN,2020,11,32,SEMESTER I,403,POIN,19,32,PERKOTAAN,11.07,PERSEN,155,32,3276,KOTA DEPOK,LAKI-LAKI,85.14,POIN,7.88,"10,875"
392,32,JAWA BARAT,7.88,PERSEN,2020,11,32,SEMESTER I,403,POIN,19,32,PERKOTAAN,11.07,PERSEN,156,32,3276,KOTA DEPOK,PEREMPUAN,79.19,POIN,7.88,"10,875"
392,32,JAWA BARAT,7.88,PERSEN,2020,11,32,SEMESTER I,403,POIN,19,32,PERKOTAAN,11.07,PERSEN,157,32,3277,KOTA CIMAHI,LAKI-LAKI,81.89,POIN,7.88,"10,875"
392,32,JAWA BARAT,7.88,PERSEN,2020,11,32,SEMESTER I,403,POIN,19,32,PERKOTAAN,11.07,PERSEN,158,32,3277,KOTA CIMAHI,PEREMPUAN,75.35,POIN,7.88,"10,875"
392,32,JAWA BARAT,7.88,PERSEN,2020,11,32,SEMESTER I,403,POIN,19,32,PERKOTAAN,11.07,PERSEN,159,32,3278,KOTA TASIKMALAYA,LAKI-LAKI,76.23,POIN,7.88,"10,875"
392,32,JAWA BARAT,7.88,PERSEN,2020,11,32,SEMESTER I,403,POIN,19,32,PERKOTAAN,11.07,PERSEN,160,32,3278,KOTA TASIKMALAYA,PEREMPUAN,69.86,POIN,7.88,"10,875"
392,32,JAWA BARAT,7.88,PERSEN,2020,11,32,SEMESTER I,403,POIN,19,32,PERKOTAAN,11.07,PERSEN,161,32,3279,KOTA BANJAR,LAKI-LAKI,76.59,POIN,7.88,"10,875"
392,32,JAWA BARAT,7.88,PERSEN,2020,11,32,SEMESTER I,403,POIN,19,32,PERKOTAAN,11.07,PERSEN,162,32,3279,KOTA BANJAR,PEREMPUAN,66.76,POIN,7.88,"10,875"
392,32,JAWA BARAT,7.88,PERSEN,2020,11,32,SEMESTER I,403,POIN,20,32,PERDESAAN,8.47,PERSEN,109,32,3201,KABUPATEN BOGOR,LAKI-LAKI,75.18,POIN,7.88,"10,875"
392,32,JAWA BARAT,7.88,PERSEN,2020,11,32,SEMESTER I,403,POIN,20,32,PERDESAAN,8.47,PERSEN,110,32,3201,KABUPATEN BOGOR,PEREMPUAN,67.08,POIN,7.88,"10,875"
392,32,JAWA BARAT,7.88,PERSEN,2020,11,32,SEMESTER I,403,POIN,20,32,PERDESAAN,8.47,PERSEN,111,32,3202,KABUPATEN SUKABUMI,LAKI-LAKI,72.26,POIN,7.88,"10,875"
392,32,JAWA BARAT,7.88,PERSEN,2020,11,32,SEMESTER I,403,POIN,20,32,PERDESAAN,8.47,PERSEN,112,32,3202,KABUPATEN SUKABUMI,PEREMPUAN,63.13,POIN,7.88,"10,875"
392,32,JAWA BARAT,7.88,PERSEN,2020,11,32,SEMESTER I,403,POIN,20,32,PERDESAAN,8.47,PERSEN,113,32,3203,KABUPATEN CIANJUR,LAKI-LAKI,69.88,POIN,7.88,"10,875"
392,32,JAWA BARAT,7.88,PERSEN,2020,11,32,SEMESTER I,403,POIN,20,32,PERDESAAN,8.47,PERSEN,114,32,3203,KABUPATEN CIANJUR,PEREMPUAN,58.8,POIN,7.88,"10,875"
392,32,JAWA BARAT,7.88,PERSEN,2020,11,32,SEMESTER I,403,POIN,20,32,PERDESAAN,8.47,PERSEN,115,32,3204,KABUPATEN BANDUNG,LAKI-LAKI,75.31,POIN,7.88,"10,875"
392,32,JAWA BARAT,7.88,PERSEN,2020,11,32,SEMESTER I,403,POIN,20,32,PERDESAAN,8.47,PERSEN,116,32,3204,KABUPATEN BANDUNG,PEREMPUAN,70.75,POIN,7.88,"10,875"
392,32,JAWA BARAT,7.88,PERSEN,2020,11,32,SEMESTER I,403,POIN,20,32,PERDESAAN,8.47,PERSEN,117,32,3205,KABUPATEN GARUT,LAKI-LAKI,70.68,POIN,7.88,"10,875"
392,32,JAWA BARAT,7.88,PERSEN,2020,11,32,SEMESTER I,403,POIN,20,32,PERDESAAN,8.47,PERSEN,118,32,3205,KABUPATEN GARUT,PEREMPUAN,58.16,POIN,7.88,"10,875"
392,32,JAWA BARAT,7.88,PERSEN,2020,11,32,SEMESTER I,403,POIN,20,32,PERDESAAN,8.47,PERSEN,119,32,3206,KABUPATEN TASIKMALAYA,LAKI-LAKI,70.44,POIN,7.88,"10,875"
392,32,JAWA BARAT,7.88,PERSEN,2020,11,32,SEMESTER I,403,POIN,20,32,PERDESAAN,8.47,PERSEN,120,32,3206,KABUPATEN TASIKMALAYA,PEREMPUAN,60.59,POIN,7.88,"10,875"
392,32,JAWA BARAT,7.88,PERSEN,2020,11,32,SEMESTER I,403,POIN,20,32,PERDESAAN,8.47,PERSEN,121,32,3207,KABUPATEN CIAMIS,LAKI-LAKI,75.97,POIN,7.88,"10,875"
392,32,JAWA BARAT,7.88,PERSEN,2020,11,32,SEMESTER I,403,POIN,20,32,PERDESAAN,8.47,PERSEN,122,32,3207,KABUPATEN CIAMIS,PEREMPUAN,65.8,POIN,7.88,"10,875"
392,32,JAWA BARAT,7.88,PERSEN,2020,11,32,SEMESTER I,403,POIN,20,32,PERDESAAN,8.47,PERSEN,123,32,3208,KABUPATEN KUNINGAN,LAKI-LAKI,74.82,POIN,7.88,"10,875"
392,32,JAWA BARAT,7.88,PERSEN,2020,11,32,SEMESTER I,403,POIN,20,32,PERDESAAN,8.47,PERSEN,124,32,3208,KABUPATEN KUNINGAN,PEREMPUAN,64.95,POIN,7.88,"10,875"
392,32,JAWA BARAT,7.88,PERSEN,2020,11,32,SEMESTER I,403,POIN,20,32,PERDESAAN,8.47,PERSEN,125,32,3209,KABUPATEN CIREBON,LAKI-LAKI,73.55,POIN,7.88,"10,875"
392,32,JAWA BARAT,7.88,PERSEN,2020,11,32,SEMESTER I,403,POIN,20,32,PERDESAAN,8.47,PERSEN,126,32,3209,KABUPATEN CIREBON,PEREMPUAN,61.39,POIN,7.88,"10,875"
392,32,JAWA BARAT,7.88,PERSEN,2020,11,32,SEMESTER I,403,POIN,20,32,PERDESAAN,8.47,PERSEN,127,32,3210,KABUPATEN MAJALENGKA,LAKI-LAKI,72.24,POIN,7.88,"10,875"
392,32,JAWA BARAT,7.88,PERSEN,2020,11,32,SEMESTER I,403,POIN,20,32,PERDESAAN,8.47,PERSEN,128,32,3210,KABUPATEN MAJALENGKA,PEREMPUAN,62.06,POIN,7.88,"10,875"
392,32,JAWA BARAT,7.88,PERSEN,2020,11,32,SEMESTER I,403,POIN,20,32,PERDESAAN,8.47,PERSEN,129,32,3211,KABUPATEN SUMEDANG,LAKI-LAKI,74.9,POIN,7.88,"10,875"
392,32,JAWA BARAT,7.88,PERSEN,2020,11,32,SEMESTER I,403,POIN,20,32,PERDESAAN,8.47,PERSEN,130,32,3211,KABUPATEN SUMEDANG,PEREMPUAN,71.29,POIN,7.88,"10,875"
392,32,JAWA BARAT,7.88,PERSEN,2020,11,32,SEMESTER I,403,POIN,20,32,PERDESAAN,8.47,PERSEN,131,32,3212,KABUPATEN INDRAMAYU,LAKI-LAKI,71.55,POIN,7.88,"10,875"
392,32,JAWA BARAT,7.88,PERSEN,2020,11,32,SEMESTER I,403,POIN,20,32,PERDESAAN,8.47,PERSEN,132,32,3212,KABUPATEN INDRAMAYU,PEREMPUAN,63.07,POIN,7.88,"10,875"
392,32,JAWA BARAT,7.88,PERSEN,2020,11,32,SEMESTER I,403,POIN,20,32,PERDESAAN,8.47,PERSEN,133,32,3213,KABUPATEN SUBANG,LAKI-LAKI,72.79,POIN,7.88,"10,875"
392,32,JAWA BARAT,7.88,PERSEN,2020,11,32,SEMESTER I,403,POIN,20,32,PERDESAAN,8.47,PERSEN,134,32,3213,KABUPATEN SUBANG,PEREMPUAN,65.9,POIN,7.88,"10,875"
392,32,JAWA BARAT,7.88,PERSEN,2020,11,32,SEMESTER I,403,POIN,20,32,PERDESAAN,8.47,PERSEN,135,32,3214,KABUPATEN PURWAKARTA,LAKI-LAKI,75.83,POIN,7.88,"10,875"
392,32,JAWA BARAT,7.88,PERSEN,2020,11,32,SEMESTER I,403,POIN,20,32,PERDESAAN,8.47,PERSEN,136,32,3214,KABUPATEN PURWAKARTA,PEREMPUAN,65.64,POIN,7.88,"10,875"
392,32,JAWA BARAT,7.88,PERSEN,2020,11,32,SEMESTER I,403,POIN,20,32,PERDESAAN,8.47,PERSEN,137,32,3215,KABUPATEN KARAWANG,LAKI-LAKI,74.5,POIN,7.88,"10,875"
392,32,JAWA BARAT,7.88,PERSEN,2020,11,32,SEMESTER I,403,POIN,20,32,PERDESAAN,8.47,PERSEN,138,32,3215,KABUPATEN KARAWANG,PEREMPUAN,67.14,POIN,7.88,"10,875"
392,32,JAWA BARAT,7.88,PERSEN,2020,11,32,SEMESTER I,403,POIN,20,32,PERDESAAN,8.47,PERSEN,139,32,3216,KABUPATEN BEKASI,LAKI-LAKI,79.0,POIN,7.88,"10,875"
392,32,JAWA BARAT,7.88,PERSEN,2020,11,32,SEMESTER I,403,POIN,20,32,PERDESAAN,8.47,PERSEN,140,32,3216,KABUPATEN BEKASI,PEREMPUAN,69.98,POIN,7.88,"10,875"
392,32,JAWA BARAT,7.88,PERSEN,2020,11,32,SEMESTER I,403,POIN,20,32,PERDESAAN,8.47,PERSEN,141,32,3217,KABUPATEN BANDUNG BARAT,LAKI-LAKI,73.26,POIN,7.88,"10,875"
392,32,JAWA BARAT,7.88,PERSEN,2020,11,32,SEMESTER I,403,POIN,20,32,PERDESAAN,8.47,PERSEN,142,32,3217,KABUPATEN BANDUNG BARAT,PEREMPUAN,57.92,POIN,7.88,"10,875"
392,32,JAWA BARAT,7.88,PERSEN,2020,11,32,SEMESTER I,403,POIN,20,32,PERDESAAN,8.47,PERSEN,143,32,3218,KABUPATEN PANGANDARAN,LAKI-LAKI,72.41,POIN,7.88,"10,875"
392,32,JAWA BARAT,7.88,PERSEN,2020,11,32,SEMESTER I,403,POIN,20,32,PERDESAAN,8.47,PERSEN,144,32,3218,KABUPATEN PANGANDARAN,PEREMPUAN,65.01,POIN,7.88,"10,875"
392,32,JAWA BARAT,7.88,PERSEN,2020,11,32,SEMESTER I,403,POIN,20,32,PERDESAAN,8.47,PERSEN,145,32,3271,KOTA BOGOR,LAKI-LAKI,80.59,POIN,7.88,"10,875"
392,32,JAWA BARAT,7.88,PERSEN,2020,11,32,SEMESTER I,403,POIN,20,32,PERDESAAN,8.47,PERSEN,146,32,3271,KOTA BOGOR,PEREMPUAN,73.35,POIN,7.88,"10,875"
392,32,JAWA BARAT,7.88,PERSEN,2020,11,32,SEMESTER I,403,POIN,20,32,PERDESAAN,8.47,PERSEN,147,32,3272,KOTA SUKABUMI,LAKI-LAKI,79.31,POIN,7.88,"10,875"
392,32,JAWA BARAT,7.88,PERSEN,2020,11,32,SEMESTER I,403,POIN,20,32,PERDESAAN,8.47,PERSEN,148,32,3272,KOTA SUKABUMI,PEREMPUAN,72.46,POIN,7.88,"10,875"
392,32,JAWA BARAT,7.88,PERSEN,2020,11,32,SEMESTER I,403,POIN,20,32,PERDESAAN,8.47,PERSEN,149,32,3273,KOTA BANDUNG,LAKI-LAKI,84.95,POIN,7.88,"10,875"
392,32,JAWA BARAT,7.88,PERSEN,2020,11,32,SEMESTER I,403,POIN,20,32,PERDESAAN,8.47,PERSEN,150,32,3273,KOTA BANDUNG,PEREMPUAN,80.43,POIN,7.88,"10,875"
392,32,JAWA BARAT,7.88,PERSEN,2020,11,32,SEMESTER I,403,POIN,20,32,PERDESAAN,8.47,PERSEN,151,32,3274,KOTA CIREBON,LAKI-LAKI,78.2,POIN,7.88,"10,875"
392,32,JAWA BARAT,7.88,PERSEN,2020,11,32,SEMESTER I,403,POIN,20,32,PERDESAAN,8.47,PERSEN,152,32,3274,KOTA CIREBON,PEREMPUAN,73.81,POIN,7.88,"10,875"
392,32,JAWA BARAT,7.88,PERSEN,2020,11,32,SEMESTER I,403,POIN,20,32,PERDESAAN,8.47,PERSEN,153,32,3275,KOTA BEKASI,LAKI-LAKI,86.04,POIN,7.88,"10,875"
392,32,JAWA BARAT,7.88,PERSEN,2020,11,32,SEMESTER I,403,POIN,20,32,PERDESAAN,8.47,PERSEN,154,32,3275,KOTA BEKASI,PEREMPUAN,79.97,POIN,7.88,"10,875"
392,32,JAWA BARAT,7.88,PERSEN,2020,11,32,SEMESTER I,403,POIN,20,32,PERDESAAN,8.47,PERSEN,155,32,3276,KOTA DEPOK,LAKI-LAKI,85.14,POIN,7.88,"10,875"
392,32,JAWA BARAT,7.88,PERSEN,2020,11,32,SEMESTER I,403,POIN,20,32,PERDESAAN,8.47,PERSEN,156,32,3276,KOTA DEPOK,PEREMPUAN,79.19,POIN,7.88,"10,875"
392,32,JAWA BARAT,7.88,PERSEN,2020,11,32,SEMESTER I,403,POIN,20,32,PERDESAAN,8.47,PERSEN,157,32,3277,KOTA CIMAHI,LAKI-LAKI,81.89,POIN,7.88,"10,875"
392,32,JAWA BARAT,7.88,PERSEN,2020,11,32,SEMESTER I,403,POIN,20,32,PERDESAAN,8.47,PERSEN,158,32,3277,KOTA CIMAHI,PEREMPUAN,75.35,POIN,7.88,"10,875"
392,32,JAWA BARAT,7.88,PERSEN,2020,11,32,SEMESTER I,403,POIN,20,32,PERDESAAN,8.47,PERSEN,159,32,3278,KOTA TASIKMALAYA,LAKI-LAKI,76.23,POIN,7.88,"10,875"
392,32,JAWA BARAT,7.88,PERSEN,2020,11,32,SEMESTER I,403,POIN,20,32,PERDESAAN,8.47,PERSEN,160,32,3278,KOTA TASIKMALAYA,PEREMPUAN,69.86,POIN,7.88,"10,875"
392,32,JAWA BARAT,7.88,PERSEN,2020,11,32,SEMESTER I,403,POIN,20,32,PERDESAAN,8.47,PERSEN,161,32,3279,KOTA BANJAR,LAKI-LAKI,76.59,POIN,7.88,"10,875"
392,32,JAWA BARAT,7.88,PERSEN,2020,11,32,SEMESTER I,403,POIN,20,32,PERDESAAN,8.47,PERSEN,162,32,3279,KOTA BANJAR,PEREMPUAN,66.76,POIN,7.88,"10,875"
392,32,JAWA BARAT,7.88,PERSEN,2020,12,32,SEMESTER II,398,POIN,19,32,PERKOTAAN,11.07,PERSEN,109,32,3201,KABUPATEN BOGOR,LAKI-LAKI,75.18,POIN,7.88,"10,875"
392,32,JAWA BARAT,7.88,PERSEN,2020,12,32,SEMESTER II,398,POIN,19,32,PERKOTAAN,11.07,PERSEN,110,32,3201,KABUPATEN BOGOR,PEREMPUAN,67.08,POIN,7.88,"10,875"
392,32,JAWA BARAT,7.88,PERSEN,2020,12,32,SEMESTER II,398,POIN,19,32,PERKOTAAN,11.07,PERSEN,111,32,3202,KABUPATEN SUKABUMI,LAKI-LAKI,72.26,POIN,7.88,"10,875"
392,32,JAWA BARAT,7.88,PERSEN,2020,12,32,SEMESTER II,398,POIN,19,32,PERKOTAAN,11.07,PERSEN,112,32,3202,KABUPATEN SUKABUMI,PEREMPUAN,63.13,POIN,7.88,"10,875"
392,32,JAWA BARAT,7.88,PERSEN,2020,12,32,SEMESTER II,398,POIN,19,32,PERKOTAAN,11.07,PERSEN,113,32,3203,KABUPATEN CIANJUR,LAKI-LAKI,69.88,POIN,7.88,"10,875"
392,32,JAWA BARAT,7.88,PERSEN,2020,12,32,SEMESTER II,398,POIN,19,32,PERKOTAAN,11.07,PERSEN,114,32,3203,KABUPATEN CIANJUR,PEREMPUAN,58.8,POIN,7.88,"10,875"
392,32,JAWA BARAT,7.88,PERSEN,2020,12,32,SEMESTER II,398,POIN,19,32,PERKOTAAN,11.07,PERSEN,115,32,3204,KABUPATEN BANDUNG,LAKI-LAKI,75.31,POIN,7.88,"10,875"
392,32,JAWA BARAT,7.88,PERSEN,2020,12,32,SEMESTER II,398,POIN,19,32,PERKOTAAN,11.07,PERSEN,116,32,3204,KABUPATEN BANDUNG,PEREMPUAN,70.75,POIN,7.88,"10,875"
392,32,JAWA BARAT,7.88,PERSEN,2020,12,32,SEMESTER II,398,POIN,19,32,PERKOTAAN,11.07,PERSEN,117,32,3205,KABUPATEN GARUT,LAKI-LAKI,70.68,POIN,7.88,"10,875"
392,32,JAWA BARAT,7.88,PERSEN,2020,12,32,SEMESTER II,398,POIN,19,32,PERKOTAAN,11.07,PERSEN,118,32,3205,KABUPATEN GARUT,PEREMPUAN,58.16,POIN,7.88,"10,875"
392,32,JAWA BARAT,7.88,PERSEN,2020,12,32,SEMESTER II,398,POIN,19,32,PERKOTAAN,11.07,PERSEN,119,32,3206,KABUPATEN TASIKMALAYA,LAKI-LAKI,70.44,POIN,7.88,"10,875"
392,32,JAWA BARAT,7.88,PERSEN,2020,12,32,SEMESTER II,398,POIN,19,32,PERKOTAAN,11.07,PERSEN,120,32,3206,KABUPATEN TASIKMALAYA,PEREMPUAN,60.59,POIN,7.88,"10,875"
392,32,JAWA BARAT,7.88,PERSEN,2020,12,32,SEMESTER II,398,POIN,19,32,PERKOTAAN,11.07,PERSEN,121,32,3207,KABUPATEN CIAMIS,LAKI-LAKI,75.97,POIN,7.88,"10,875"
392,32,JAWA BARAT,7.88,PERSEN,2020,12,32,SEMESTER II,398,POIN,19,32,PERKOTAAN,11.07,PERSEN,122,32,3207,KABUPATEN CIAMIS,PEREMPUAN,65.8,POIN,7.88,"10,875"
392,32,JAWA BARAT,7.88,PERSEN,2020,12,32,SEMESTER II,398,POIN,19,32,PERKOTAAN,11.07,PERSEN,123,32,3208,KABUPATEN KUNINGAN,LAKI-LAKI,74.82,POIN,7.88,"10,875"
392,32,JAWA BARAT,7.88,PERSEN,2020,12,32,SEMESTER II,398,POIN,19,32,PERKOTAAN,11.07,PERSEN,124,32,3208,KABUPATEN KUNINGAN,PEREMPUAN,64.95,POIN,7.88,"10,875"
392,32,JAWA BARAT,7.88,PERSEN,2020,12,32,SEMESTER II,398,POIN,19,32,PERKOTAAN,11.07,PERSEN,125,32,3209,KABUPATEN CIREBON,LAKI-LAKI,73.55,POIN,7.88,"10,875"
392,32,JAWA BARAT,7.88,PERSEN,2020,12,32,SEMESTER II,398,POIN,19,32,PERKOTAAN,11.07,PERSEN,126,32,3209,KABUPATEN CIREBON,PEREMPUAN,61.39,POIN,7.88,"10,875"
392,32,JAWA BARAT,7.88,PERSEN,2020,12,32,SEMESTER II,398,POIN,19,32,PERKOTAAN,11.07,PERSEN,127,32,3210,KABUPATEN MAJALENGKA,LAKI-LAKI,72.24,POIN,7.88,"10,875"
392,32,JAWA BARAT,7.88,PERSEN,2020,12,32,SEMESTER II,398,POIN,19,32,PERKOTAAN,11.07,PERSEN,128,32,3210,KABUPATEN MAJALENGKA,PEREMPUAN,62.06,POIN,7.88,"10,875"
392,32,JAWA BARAT,7.88,PERSEN,2020,12,32,SEMESTER II,398,POIN,19,32,PERKOTAAN,11.07,PERSEN,129,32,3211,KABUPATEN SUMEDANG,LAKI-LAKI,74.9,POIN,7.88,"10,875"
392,32,JAWA BARAT,7.88,PERSEN,2020,12,32,SEMESTER II,398,POIN,19,32,PERKOTAAN,11.07,PERSEN,130,32,3211,KABUPATEN SUMEDANG,PEREMPUAN,71.29,POIN,7.88,"10,875"
392,32,JAWA BARAT,7.88,PERSEN,2020,12,32,SEMESTER II,398,POIN,19,32,PERKOTAAN,11.07,PERSEN,131,32,3212,KABUPATEN INDRAMAYU,LAKI-LAKI,71.55,POIN,7.88,"10,875"
392,32,JAWA BARAT,7.88,PERSEN,2020,12,32,SEMESTER II,398,POIN,19,32,PERKOTAAN,11.07,PERSEN,132,32,3212,KABUPATEN INDRAMAYU,PEREMPUAN,63.07,POIN,7.88,"10,875"
392,32,JAWA BARAT,7.88,PERSEN,2020,12,32,SEMESTER II,398,POIN,19,32,PERKOTAAN,11.07,PERSEN,133,32,3213,KABUPATEN SUBANG,LAKI-LAKI,72.79,POIN,7.88,"10,875"
392,32,JAWA BARAT,7.88,PERSEN,2020,12,32,SEMESTER II,398,POIN,19,32,PERKOTAAN,11.07,PERSEN,134,32,3213,KABUPATEN SUBANG,PEREMPUAN,65.9,POIN,7.88,"10,875"
392,32,JAWA BARAT,7.88,PERSEN,2020,12,32,SEMESTER II,398,POIN,19,32,PERKOTAAN,11.07,PERSEN,135,32,3214,KABUPATEN PURWAKARTA,LAKI-LAKI,75.83,POIN,7.88,"10,875"
392,32,JAWA BARAT,7.88,PERSEN,2020,12,32,SEMESTER II,398,POIN,19,32,PERKOTAAN,11.07,PERSEN,136,32,3214,KABUPATEN PURWAKARTA,PEREMPUAN,65.64,POIN,7.88,"10,875"
392,32,JAWA BARAT,7.88,PERSEN,2020,12,32,SEMESTER II,398,POIN,19,32,PERKOTAAN,11.07,PERSEN,137,32,3215,KABUPATEN KARAWANG,LAKI-LAKI,74.5,POIN,7.88,"10,875"
392,32,JAWA BARAT,7.88,PERSEN,2020,12,32,SEMESTER II,398,POIN,19,32,PERKOTAAN,11.07,PERSEN,138,32,3215,KABUPATEN KARAWANG,PEREMPUAN,67.14,POIN,7.88,"10,875"
392,32,JAWA BARAT,7.88,PERSEN,2020,12,32,SEMESTER II,398,POIN,19,32,PERKOTAAN,11.07,PERSEN,139,32,3216,KABUPATEN BEKASI,LAKI-LAKI,79.0,POIN,7.88,"10,875"
392,32,JAWA BARAT,7.88,PERSEN,2020,12,32,SEMESTER II,398,POIN,19,32,PERKOTAAN,11.07,PERSEN,140,32,3216,KABUPATEN BEKASI,PEREMPUAN,69.98,POIN,7.88,"10,875"
392,32,JAWA BARAT,7.88,PERSEN,2020,12,32,SEMESTER II,398,POIN,19,32,PERKOTAAN,11.07,PERSEN,141,32,3217,KABUPATEN BANDUNG BARAT,LAKI-LAKI,73.26,POIN,7.88,"10,875"
392,32,JAWA BARAT,7.88,PERSEN,2020,12,32,SEMESTER II,398,POIN,19,32,PERKOTAAN,11.07,PERSEN,142,32,3217,KABUPATEN BANDUNG BARAT,PEREMPUAN,57.92,POIN,7.88,"10,875"
392,32,JAWA BARAT,7.88,PERSEN,2020,12,32,SEMESTER II,398,POIN,19,32,PERKOTAAN,11.07,PERSEN,143,32,3218,KABUPATEN PANGANDARAN,LAKI-LAKI,72.41,POIN,7.88,"10,875"
392,32,JAWA BARAT,7.88,PERSEN,2020,12,32,SEMESTER II,398,POIN,19,32,PERKOTAAN,11.07,PERSEN,144,32,3218,KABUPATEN PANGANDARAN,PEREMPUAN,65.01,POIN,7.88,"10,875"
392,32,JAWA BARAT,7.88,PERSEN,2020,12,32,SEMESTER II,398,POIN,19,32,PERKOTAAN,11.07,PERSEN,145,32,3271,KOTA BOGOR,LAKI-LAKI,80.59,POIN,7.88,"10,875"
392,32,JAWA BARAT,7.88,PERSEN,2020,12,32,SEMESTER II,398,POIN,19,32,PERKOTAAN,11.07,PERSEN,146,32,3271,KOTA BOGOR,PEREMPUAN,73.35,POIN,7.88,"10,875"
392,32,JAWA BARAT,7.88,PERSEN,2020,12,32,SEMESTER II,398,POIN,19,32,PERKOTAAN,11.07,PERSEN,147,32,3272,KOTA SUKABUMI,LAKI-LAKI,79.31,POIN,7.88,"10,875"
392,32,JAWA BARAT,7.88,PERSEN,2020,12,32,SEMESTER II,398,POIN,19,32,PERKOTAAN,11.07,PERSEN,148,32,3272,KOTA SUKABUMI,PEREMPUAN,72.46,POIN,7.88,"10,875"
392,32,JAWA BARAT,7.88,PERSEN,2020,12,32,SEMESTER II,398,POIN,19,32,PERKOTAAN,11.07,PERSEN,149,32,3273,KOTA BANDUNG,LAKI-LAKI,84.95,POIN,7.88,"10,875"
392,32,JAWA BARAT,7.88,PERSEN,2020,12,32,SEMESTER II,398,POIN,19,32,PERKOTAAN,11.07,PERSEN,150,32,3273,KOTA BANDUNG,PEREMPUAN,80.43,POIN,7.88,"10,875"
392,32,JAWA BARAT,7.88,PERSEN,2020,12,32,SEMESTER II,398,POIN,19,32,PERKOTAAN,11.07,PERSEN,151,32,3274,KOTA CIREBON,LAKI-LAKI,78.2,POIN,7.88,"10,875"
392,32,JAWA BARAT,7.88,PERSEN,2020,12,32,SEMESTER II,398,POIN,19,32,PERKOTAAN,11.07,PERSEN,152,32,3274,KOTA CIREBON,PEREMPUAN,73.81,POIN,7.88,"10,875"
392,32,JAWA BARAT,7.88,PERSEN,2020,12,32,SEMESTER II,398,POIN,19,32,PERKOTAAN,11.07,PERSEN,153,32,3275,KOTA BEKASI,LAKI-LAKI,86.04,POIN,7.88,"10,875"
392,32,JAWA BARAT,7.88,PERSEN,2020,12,32,SEMESTER II,398,POIN,19,32,PERKOTAAN,11.07,PERSEN,154,32,3275,KOTA BEKASI,PEREMPUAN,79.97,POIN,7.88,"10,875"
392,32,JAWA BARAT,7.88,PERSEN,2020,12,32,SEMESTER II,398,POIN,19,32,PERKOTAAN,11.07,PERSEN,155,32,3276,KOTA DEPOK,LAKI-LAKI,85.14,POIN,7.88,"10,875"
392,32,JAWA BARAT,7.88,PERSEN,2020,12,32,SEMESTER II,398,POIN,19,32,PERKOTAAN,11.07,PERSEN,156,32,3276,KOTA DEPOK,PEREMPUAN,79.19,POIN,7.88,"10,875"
392,32,JAWA BARAT,7.88,PERSEN,2020,12,32,SEMESTER II,398,POIN,19,32,PERKOTAAN,11.07,PERSEN,157,32,3277,KOTA CIMAHI,LAKI-LAKI,81.89,POIN,7.88,"10,875"
392,32,JAWA BARAT,7.88,PERSEN,2020,12,32,SEMESTER II,398,POIN,19,32,PERKOTAAN,11.07,PERSEN,158,32,3277,KOTA CIMAHI,PEREMPUAN,75.35,POIN,7.88,"10,875"
392,32,JAWA BARAT,7.88,PERSEN,2020,12,32,SEMESTER II,398,POIN,19,32,PERKOTAAN,11.07,PERSEN,159,32,3278,KOTA TASIKMALAYA,LAKI-LAKI,76.23,POIN,7.88,"10,875"
392,32,JAWA BARAT,7.88,PERSEN,2020,12,32,SEMESTER II,398,POIN,19,32,PERKOTAAN,11.07,PERSEN,160,32,3278,KOTA TASIKMALAYA,PEREMPUAN,69.86,POIN,7.88,"10,875"
392,32,JAWA BARAT,7.88,PERSEN,2020,12,32,SEMESTER II,398,POIN,19,32,PERKOTAAN,11.07,PERSEN,161,32,3279,KOTA BANJAR,LAKI-LAKI,76.59,POIN,7.88,"10,875"
392,32,JAWA BARAT,7.88,PERSEN,2020,12,32,SEMESTER II,398,POIN,19,32,PERKOTAAN,11.07,PERSEN,162,32,3279,KOTA BANJAR,PEREMPUAN,66.76,POIN,7.88,"10,875"
392,32,JAWA BARAT,7.88,PERSEN,2020,12,32,SEMESTER II,398,POIN,20,32,PERDESAAN,8.47,PERSEN,109,32,3201,KABUPATEN BOGOR,LAKI-LAKI,75.18,POIN,7.88,"10,875"
392,32,JAWA BARAT,7.88,PERSEN,2020,12,32,SEMESTER II,398,POIN,20,32,PERDESAAN,8.47,PERSEN,110,32,3201,KABUPATEN BOGOR,PEREMPUAN,67.08,POIN,7.88,"10,875"
392,32,JAWA BARAT,7.88,PERSEN,2020,12,32,SEMESTER II,398,POIN,20,32,PERDESAAN,8.47,PERSEN,111,32,3202,KABUPATEN SUKABUMI,LAKI-LAKI,72.26,POIN,7.88,"10,875"
392,32,JAWA BARAT,7.88,PERSEN,2020,12,32,SEMESTER II,398,POIN,20,32,PERDESAAN,8.47,PERSEN,112,32,3202,KABUPATEN SUKABUMI,PEREMPUAN,63.13,POIN,7.88,"10,875"
392,32,JAWA BARAT,7.88,PERSEN,2020,12,32,SEMESTER II,398,POIN,20,32,PERDESAAN,8.47,PERSEN,113,32,3203,KABUPATEN CIANJUR,LAKI-LAKI,69.88,POIN,7.88,"10,875"
392,32,JAWA BARAT,7.88,PERSEN,2020,12,32,SEMESTER II,398,POIN,20,32,PERDESAAN,8.47,PERSEN,114,32,3203,KABUPATEN CIANJUR,PEREMPUAN,58.8,POIN,7.88,"10,875"
392,32,JAWA BARAT,7.88,PERSEN,2020,12,32,SEMESTER II,398,POIN,20,32,PERDESAAN,8.47,PERSEN,115,32,3204,KABUPATEN BANDUNG,LAKI-LAKI,75.31,POIN,7.88,"10,875"
392,32,JAWA BARAT,7.88,PERSEN,2020,12,32,SEMESTER II,398,POIN,20,32,PERDESAAN,8.47,PERSEN,116,32,3204,KABUPATEN BANDUNG,PEREMPUAN,70.75,POIN,7.88,"10,875"
392,32,JAWA BARAT,7.88,PERSEN,2020,12,32,SEMESTER II,398,POIN,20,32,PERDESAAN,8.47,PERSEN,117,32,3205,KABUPATEN GARUT,LAKI-LAKI,70.68,POIN,7.88,"10,875"
392,32,JAWA BARAT,7.88,PERSEN,2020,12,32,SEMESTER II,398,POIN,20,32,PERDESAAN,8.47,PERSEN,118,32,3205,KABUPATEN GARUT,PEREMPUAN,58.16,POIN,7.88,"10,875"
392,32,JAWA BARAT,7.88,PERSEN,2020,12,32,SEMESTER II,398,POIN,20,32,PERDESAAN,8.47,PERSEN,119,32,3206,KABUPATEN TASIKMALAYA,LAKI-LAKI,70.44,POIN,7.88,"10,875"
392,32,JAWA BARAT,7.88,PERSEN,2020,12,32,SEMESTER II,398,POIN,20,32,PERDESAAN,8.47,PERSEN,120,32,3206,KABUPATEN TASIKMALAYA,PEREMPUAN,60.59,POIN,7.88,"10,875"
392,32,JAWA BARAT,7.88,PERSEN,2020,12,32,SEMESTER II,398,POIN,20,32,PERDESAAN,8.47,PERSEN,121,32,3207,KABUPATEN CIAMIS,LAKI-LAKI,75.97,POIN,7.88,"10,875"
392,32,JAWA BARAT,7.88,PERSEN,2020,12,32,SEMESTER II,398,POIN,20,32,PERDESAAN,8.47,PERSEN,122,32,3207,KABUPATEN CIAMIS,PEREMPUAN,65.8,POIN,7.88,"10,875"
392,32,JAWA BARAT,7.88,PERSEN,2020,12,32,SEMESTER II,398,POIN,20,32,PERDESAAN,8.47,PERSEN,123,32,3208,KABUPATEN KUNINGAN,LAKI-LAKI,74.82,POIN,7.88,"10,875"
392,32,JAWA BARAT,7.88,PERSEN,2020,12,32,SEMESTER II,398,POIN,20,32,PERDESAAN,8.47,PERSEN,124,32,3208,KABUPATEN KUNINGAN,PEREMPUAN,64.95,POIN,7.88,"10,875"
392,32,JAWA BARAT,7.88,PERSEN,2020,12,32,SEMESTER II,398,POIN,20,32,PERDESAAN,8.47,PERSEN,125,32,3209,KABUPATEN CIREBON,LAKI-LAKI,73.55,POIN,7.88,"10,875"
392,32,JAWA BARAT,7.88,PERSEN,2020,12,32,SEMESTER II,398,POIN,20,32,PERDESAAN,8.47,PERSEN,126,32,3209,KABUPATEN CIREBON,PEREMPUAN,61.39,POIN,7.88,"10,875"
392,32,JAWA BARAT,7.88,PERSEN,2020,12,32,SEMESTER II,398,POIN,20,32,PERDESAAN,8.47,PERSEN,127,32,3210,KABUPATEN MAJALENGKA,LAKI-LAKI,72.24,POIN,7.88,"10,875"
392,32,JAWA BARAT,7.88,PERSEN,2020,12,32,SEMESTER II,398,POIN,20,32,PERDESAAN,8.47,PERSEN,128,32,3210,KABUPATEN MAJALENGKA,PEREMPUAN,62.06,POIN,7.88,"10,875"
392,32,JAWA BARAT,7.88,PERSEN,2020,12,32,SEMESTER II,398,POIN,20,32,PERDESAAN,8.47,PERSEN,129,32,3211,KABUPATEN SUMEDANG,LAKI-LAKI,74.9,POIN,7.88,"10,875"
392,32,JAWA BARAT,7.88,PERSEN,2020,12,32,SEMESTER II,398,POIN,20,32,PERDESAAN,8.47,PERSEN,130,32,3211,KABUPATEN SUMEDANG,PEREMPUAN,71.29,POIN,7.88,"10,875"
392,32,JAWA BARAT,7.88,PERSEN,2020,12,32,SEMESTER II,398,POIN,20,32,PERDESAAN,8.47,PERSEN,131,32,3212,KABUPATEN INDRAMAYU,LAKI-LAKI,71.55,POIN,7.88,"10,875"
392,32,JAWA BARAT,7.88,PERSEN,2020,12,32,SEMESTER II,398,POIN,20,32,PERDESAAN,8.47,PERSEN,132,32,3212,KABUPATEN INDRAMAYU,PEREMPUAN,63.07,POIN,7.88,"10,875"
392,32,JAWA BARAT,7.88,PERSEN,2020,12,32,SEMESTER II,398,POIN,20,32,PERDESAAN,8.47,PERSEN,133,32,3213,KABUPATEN SUBANG,LAKI-LAKI,72.79,POIN,7.88,"10,875"
392,32,JAWA BARAT,7.88,PERSEN,2020,12,32,SEMESTER II,398,POIN,20,32,PERDESAAN,8.47,PERSEN,134,32,3213,KABUPATEN SUBANG,PEREMPUAN,65.9,POIN,7.88,"10,875"
392,32,JAWA BARAT,7.88,PERSEN,2020,12,32,SEMESTER II,398,POIN,20,32,PERDESAAN,8.47,PERSEN,135,32,3214,KABUPATEN PURWAKARTA,LAKI-LAKI,75.83,POIN,7.88,"10,875"
392,32,JAWA BARAT,7.88,PERSEN,2020,12,32,SEMESTER II,398,POIN,20,32,PERDESAAN,8.47,PERSEN,136,32,3214,KABUPATEN PURWAKARTA,PEREMPUAN,65.64,POIN,7.88,"10,875"
392,32,JAWA BARAT,7.88,PERSEN,2020,12,32,SEMESTER II,398,POIN,20,32,PERDESAAN,8.47,PERSEN,137,32,3215,KABUPATEN KARAWANG,LAKI-LAKI,74.5,POIN,7.88,"10,875"
392,32,JAWA BARAT,7.88,PERSEN,2020,12,32,SEMESTER II,398,POIN,20,32,PERDESAAN,8.47,PERSEN,138,32,3215,KABUPATEN KARAWANG,PEREMPUAN,67.14,POIN,7.88,"10,875"
392,32,JAWA BARAT,7.88,PERSEN,2020,12,32,SEMESTER II,398,POIN,20,32,PERDESAAN,8.47,PERSEN,139,32,3216,KABUPATEN BEKASI,LAKI-LAKI,79.0,POIN,7.88,"10,875"
392,32,JAWA BARAT,7.88,PERSEN,2020,12,32,SEMESTER II,398,POIN,20,32,PERDESAAN,8.47,PERSEN,140,32,3216,KABUPATEN BEKASI,PEREMPUAN,69.98,POIN,7.88,"10,875"
392,32,JAWA BARAT,7.88,PERSEN,2020,12,32,SEMESTER II,398,POIN,20,32,PERDESAAN,8.47,PERSEN,141,32,3217,KABUPATEN BANDUNG BARAT,LAKI-LAKI,73.26,POIN,7.88,"10,875"
392,32,JAWA BARAT,7.88,PERSEN,2020,12,32,SEMESTER II,398,POIN,20,32,PERDESAAN,8.47,PERSEN,142,32,3217,KABUPATEN BANDUNG BARAT,PEREMPUAN,57.92,POIN,7.88,"10,875"
392,32,JAWA BARAT,7.88,PERSEN,2020,12,32,SEMESTER II,398,POIN,20,32,PERDESAAN,8.47,PERSEN,143,32,3218,KABUPATEN PANGANDARAN,LAKI-LAKI,72.41,POIN,7.88,"10,875"
392,32,JAWA BARAT,7.88,PERSEN,2020,12,32,SEMESTER II,398,POIN,20,32,PERDESAAN,8.47,PERSEN,144,32,3218,KABUPATEN PANGANDARAN,PEREMPUAN,65.01,POIN,7.88,"10,875"
392,32,JAWA BARAT,7.88,PERSEN,2020,12,32,SEMESTER II,398,POIN,20,32,PERDESAAN,8.47,PERSEN,145,32,3271,KOTA BOGOR,LAKI-LAKI,80.59,POIN,7.88,"10,875"
392,32,JAWA BARAT,7.88,PERSEN,2020,12,32,SEMESTER II,398,POIN,20,32,PERDESAAN,8.47,PERSEN,146,32,3271,KOTA BOGOR,PEREMPUAN,73.35,POIN,7.88,"10,875"
392,32,JAWA BARAT,7.88,PERSEN,2020,12,32,SEMESTER II,398,POIN,20,32,PERDESAAN,8.47,PERSEN,147,32,3272,KOTA SUKABUMI,LAKI-LAKI,79.31,POIN,7.88,"10,875"
392,32,JAWA BARAT,7.88,PERSEN,2020,12,32,SEMESTER II,398,POIN,20,32,PERDESAAN,8.47,PERSEN,148,32,3272,KOTA SUKABUMI,PEREMPUAN,72.46,POIN,7.88,"10,875"
392,32,JAWA BARAT,7.88,PERSEN,2020,12,32,SEMESTER II,398,POIN,20,32,PERDESAAN,8.47,PERSEN,149,32,3273,KOTA BANDUNG,LAKI-LAKI,84.95,POIN,7.88,"10,875"
392,32,JAWA BARAT,7.88,PERSEN,2020,12,32,SEMESTER II,398,POIN,20,32,PERDESAAN,8.47,PERSEN,150,32,3273,KOTA BANDUNG,PEREMPUAN,80.43,POIN,7.88,"10,875"
392,32,JAWA BARAT,7.88,PERSEN,2020,12,32,SEMESTER II,398,POIN,20,32,PERDESAAN,8.47,PERSEN,151,32,3274,KOTA CIREBON,LAKI-LAKI,78.2,POIN,7.88,"10,875"
392,32,JAWA BARAT,7.88,PERSEN,2020,12,32,SEMESTER II,398,POIN,20,32,PERDESAAN,8.47,PERSEN,152,32,3274,KOTA CIREBON,PEREMPUAN,73.81,POIN,7.88,"10,875"
392,32,JAWA BARAT,7.88,PERSEN,2020,12,32,SEMESTER II,398,POIN,20,32,PERDESAAN,8.47,PERSEN,153,32,3275,KOTA BEKASI,LAKI-LAKI,86.04,POIN,7.88,"10,875"
392,32,JAWA BARAT,7.88,PERSEN,2020,12,32,SEMESTER II,398,POIN,20,32,PERDESAAN,8.47,PERSEN,154,32,3275,KOTA BEKASI,PEREMPUAN,79.97,POIN,7.88,"10,875"
392,32,JAWA BARAT,7.88,PERSEN,2020,12,32,SEMESTER II,398,POIN,20,32,PERDESAAN,8.47,PERSEN,155,32,3276,KOTA DEPOK,LAKI-LAKI,85.14,POIN,7.88,"10,875"
392,32,JAWA BARAT,7.88,PERSEN,2020,12,32,SEMESTER II,398,POIN,20,32,PERDESAAN,8.47,PERSEN,156,32,3276,KOTA DEPOK,PEREMPUAN,79.19,POIN,7.88,"10,875"
392,32,JAWA BARAT,7.88,PERSEN,2020,12,32,SEMESTER II,398,POIN,20,32,PERDESAAN,8.47,PERSEN,157,32,3277,KOTA CIMAHI,LAKI-LAKI,81.89,POIN,7.88,"10,875"
392,32,JAWA BARAT,7.88,PERSEN,2020,12,32,SEMESTER II,398,POIN,20,32,PERDESAAN,8.47,PERSEN,158,32,3277,KOTA CIMAHI,PEREMPUAN,75.35,POIN,7.88,"10,875"
392,32,JAWA BARAT,7.88,PERSEN,2020,12,32,SEMESTER II,398,POIN,20,32,PERDESAAN,8.47,PERSEN,159,32,3278,KOTA TASIKMALAYA,LAKI-LAKI,76.23,POIN,7.88,"10,875"
392,32,JAWA BARAT,7.88,PERSEN,2020,12,32,SEMESTER II,398,POIN,20,32,PERDESAAN,8.47,PERSEN,160,32,3278,KOTA TASIKMALAYA,PEREMPUAN,69.86,POIN,7.88,"10,875"
392,32,JAWA BARAT,7.88,PERSEN,2020,12,32,SEMESTER II,398,POIN,20,32,PERDESAAN,8.47,PERSEN,161,32,3279,KOTA BANJAR,LAKI-LAKI,76.59,POIN,7.88,"10,875"
392,32,JAWA BARAT,7.88,PERSEN,2020,12,32,SEMESTER II,398,POIN,20,32,PERDESAAN,8.47,PERSEN,162,32,3279,KOTA BANJAR,PEREMPUAN,66.76,POIN,8.4,"10,875"
430,32,JAWA BARAT,8.4,PERSEN,2021,13,32,SEMESTER I,412,POIN,21,32,PERKOTAAN,10.57,PERSEN,163,32,3201,KABUPATEN BOGOR,LAKI-LAKI,75.38,POIN,8.4,97
430,32,JAWA BARAT,8.4,PERSEN,2021,13,32,SEMESTER I,412,POIN,21,32,PERKOTAAN,10.57,PERSEN,164,32,3201,KABUPATEN BOGOR,PEREMPUAN,67.39,POIN,8.4,97
430,32,JAWA BARAT,8.4,PERSEN,2021,13,32,SEMESTER I,412,POIN,21,32,PERKOTAAN,10.57,PERSEN,165,32,3202,KABUPATEN SUKABUMI,LAKI-LAKI,72.44,POIN,8.4,97
430,32,JAWA BARAT,8.4,PERSEN,2021,13,32,SEMESTER I,412,POIN,21,32,PERKOTAAN,10.57,PERSEN,166,32,3202,KABUPATEN SUKABUMI,PEREMPUAN,63.34,POIN,8.4,97
430,32,JAWA BARAT,8.4,PERSEN,2021,13,32,SEMESTER I,412,POIN,21,32,PERKOTAAN,10.57,PERSEN,167,32,3203,KABUPATEN CIANJUR,LAKI-LAKI,70.08,POIN,8.4,97
430,32,JAWA BARAT,8.4,PERSEN,2021,13,32,SEMESTER I,412,POIN,21,32,PERKOTAAN,10.57,PERSEN,168,32,3203,KABUPATEN CIANJUR,PEREMPUAN,59.08,POIN,8.4,97
430,32,JAWA BARAT,8.4,PERSEN,2021,13,32,SEMESTER I,412,POIN,21,32,PERKOTAAN,10.57,PERSEN,169,32,3204,KABUPATEN BANDUNG,LAKI-LAKI,75.75,POIN,8.4,97
430,32,JAWA BARAT,8.4,PERSEN,2021,13,32,SEMESTER I,412,POIN,21,32,PERKOTAAN,10.57,PERSEN,170,32,3204,KABUPATEN BANDUNG,PEREMPUAN,71.09,POIN,8.4,97
430,32,JAWA BARAT,8.4,PERSEN,2021,13,32,SEMESTER I,412,POIN,21,32,PERKOTAAN,10.57,PERSEN,171,32,3205,KABUPATEN GARUT,LAKI-LAKI,71.13,POIN,8.4,97
430,32,JAWA BARAT,8.4,PERSEN,2021,13,32,SEMESTER I,412,POIN,21,32,PERKOTAAN,10.57,PERSEN,172,32,3205,KABUPATEN GARUT,PEREMPUAN,58.42,POIN,8.4,97
430,32,JAWA BARAT,8.4,PERSEN,2021,13,32,SEMESTER I,412,POIN,21,32,PERKOTAAN,10.57,PERSEN,173,32,3206,KABUPATEN TASIKMALAYA,LAKI-LAKI,70.59,POIN,8.4,97
430,32,JAWA BARAT,8.4,PERSEN,2021,13,32,SEMESTER I,412,POIN,21,32,PERKOTAAN,10.57,PERSEN,174,32,3206,KABUPATEN TASIKMALAYA,PEREMPUAN,60.96,POIN,8.4,97
430,32,JAWA BARAT,8.4,PERSEN,2021,13,32,SEMESTER I,412,POIN,21,32,PERKOTAAN,10.57,PERSEN,175,32,3207,KABUPATEN CIAMIS,LAKI-LAKI,76.41,POIN,8.4,97
430,32,JAWA BARAT,8.4,PERSEN,2021,13,32,SEMESTER I,412,POIN,21,32,PERKOTAAN,10.57,PERSEN,176,32,3207,KABUPATEN CIAMIS,PEREMPUAN,66.13,POIN,8.4,97
430,32,JAWA BARAT,8.4,PERSEN,2021,13,32,SEMESTER I,412,POIN,21,32,PERKOTAAN,10.57,PERSEN,177,32,3208,KABUPATEN KUNINGAN,LAKI-LAKI,75.06,POIN,8.4,97
430,32,JAWA BARAT,8.4,PERSEN,2021,13,32,SEMESTER I,412,POIN,21,32,PERKOTAAN,10.57,PERSEN,178,32,3208,KABUPATEN KUNINGAN,PEREMPUAN,65.28,POIN,8.4,97
430,32,JAWA BARAT,8.4,PERSEN,2021,13,32,SEMESTER I,412,POIN,21,32,PERKOTAAN,10.57,PERSEN,179,32,3209,KABUPATEN CIREBON,LAKI-LAKI,73.96,POIN,8.4,97
430,32,JAWA BARAT,8.4,PERSEN,2021,13,32,SEMESTER I,412,POIN,21,32,PERKOTAAN,10.57,PERSEN,180,32,3209,KABUPATEN CIREBON,PEREMPUAN,61.75,POIN,8.4,97
430,32,JAWA BARAT,8.4,PERSEN,2021,13,32,SEMESTER I,412,POIN,21,32,PERKOTAAN,10.57,PERSEN,181,32,3210,KABUPATEN MAJALENGKA,LAKI-LAKI,72.46,POIN,8.4,97
430,32,JAWA BARAT,8.4,PERSEN,2021,13,32,SEMESTER I,412,POIN,21,32,PERKOTAAN,10.57,PERSEN,182,32,3210,KABUPATEN MAJALENGKA,PEREMPUAN,62.49,POIN,8.4,97
430,32,JAWA BARAT,8.4,PERSEN,2021,13,32,SEMESTER I,412,POIN,21,32,PERKOTAAN,10.57,PERSEN,183,32,3211,KABUPATEN SUMEDANG,LAKI-LAKI,75.07,POIN,8.4,97
430,32,JAWA BARAT,8.4,PERSEN,2021,13,32,SEMESTER I,412,POIN,21,32,PERKOTAAN,10.57,PERSEN,184,32,3211,KABUPATEN SUMEDANG,PEREMPUAN,71.45,POIN,8.4,97
430,32,JAWA BARAT,8.4,PERSEN,2021,13,32,SEMESTER I,412,POIN,21,32,PERKOTAAN,10.57,PERSEN,185,32,3212,KABUPATEN INDRAMAYU,LAKI-LAKI,72.12,POIN,8.4,97
430,32,JAWA BARAT,8.4,PERSEN,2021,13,32,SEMESTER I,412,POIN,21,32,PERKOTAAN,10.57,PERSEN,186,32,3212,KABUPATEN INDRAMAYU,PEREMPUAN,63.41,POIN,8.4,97
430,32,JAWA BARAT,8.4,PERSEN,2021,13,32,SEMESTER I,412,POIN,21,32,PERKOTAAN,10.57,PERSEN,187,32,3213,KABUPATEN SUBANG,LAKI-LAKI,73.01,POIN,8.4,97
430,32,JAWA BARAT,8.4,PERSEN,2021,13,32,SEMESTER I,412,POIN,21,32,PERKOTAAN,10.57,PERSEN,188,32,3213,KABUPATEN SUBANG,PEREMPUAN,66.08,POIN,8.4,97
430,32,JAWA BARAT,8.4,PERSEN,2021,13,32,SEMESTER I,412,POIN,21,32,PERKOTAAN,10.57,PERSEN,189,32,3214,KABUPATEN PURWAKARTA,LAKI-LAKI,75.99,POIN,8.4,97
430,32,JAWA BARAT,8.4,PERSEN,2021,13,32,SEMESTER I,412,POIN,21,32,PERKOTAAN,10.57,PERSEN,190,32,3214,KABUPATEN PURWAKARTA,PEREMPUAN,65.88,POIN,8.4,97
430,32,JAWA BARAT,8.4,PERSEN,2021,13,32,SEMESTER I,412,POIN,21,32,PERKOTAAN,10.57,PERSEN,191,32,3215,KABUPATEN KARAWANG,LAKI-LAKI,74.76,POIN,8.4,97
430,32,JAWA BARAT,8.4,PERSEN,2021,13,32,SEMESTER I,412,POIN,21,32,PERKOTAAN,10.57,PERSEN,192,32,3215,KABUPATEN KARAWANG,PEREMPUAN,67.5,POIN,8.4,97
430,32,JAWA BARAT,8.4,PERSEN,2021,13,32,SEMESTER I,412,POIN,21,32,PERKOTAAN,10.57,PERSEN,193,32,3216,KABUPATEN BEKASI,LAKI-LAKI,79.23,POIN,8.4,97
430,32,JAWA BARAT,8.4,PERSEN,2021,13,32,SEMESTER I,412,POIN,21,32,PERKOTAAN,10.57,PERSEN,194,32,3216,KABUPATEN BEKASI,PEREMPUAN,70.42,POIN,8.4,97
430,32,JAWA BARAT,8.4,PERSEN,2021,13,32,SEMESTER I,412,POIN,21,32,PERKOTAAN,10.57,PERSEN,195,32,3217,KABUPATEN BANDUNG BARAT,LAKI-LAKI,73.5,POIN,8.4,97
430,32,JAWA BARAT,8.4,PERSEN,2021,13,32,SEMESTER I,412,POIN,21,32,PERKOTAAN,10.57,PERSEN,196,32,3217,KABUPATEN BANDUNG BARAT,PEREMPUAN,58.12,POIN,8.4,97
430,32,JAWA BARAT,8.4,PERSEN,2021,13,32,SEMESTER I,412,POIN,21,32,PERKOTAAN,10.57,PERSEN,197,32,3218,KABUPATEN PANGANDARAN,LAKI-LAKI,72.54,POIN,8.4,97
430,32,JAWA BARAT,8.4,PERSEN,2021,13,32,SEMESTER I,412,POIN,21,32,PERKOTAAN,10.57,PERSEN,198,32,3218,KABUPATEN PANGANDARAN,PEREMPUAN,65.23,POIN,8.4,97
430,32,JAWA BARAT,8.4,PERSEN,2021,13,32,SEMESTER I,412,POIN,21,32,PERKOTAAN,10.57,PERSEN,199,32,3271,KOTA BOGOR,LAKI-LAKI,81.23,POIN,8.4,97
430,32,JAWA BARAT,8.4,PERSEN,2021,13,32,SEMESTER I,412,POIN,21,32,PERKOTAAN,10.57,PERSEN,200,32,3271,KOTA BOGOR,PEREMPUAN,73.81,POIN,8.4,97
430,32,JAWA BARAT,8.4,PERSEN,2021,13,32,SEMESTER I,412,POIN,21,32,PERKOTAAN,10.57,PERSEN,201,32,3272,KOTA SUKABUMI,LAKI-LAKI,79.7,POIN,8.4,97
430,32,JAWA BARAT,8.4,PERSEN,2021,13,32,SEMESTER I,412,POIN,21,32,PERKOTAAN,10.57,PERSEN,202,32,3272,KOTA SUKABUMI,PEREMPUAN,72.99,POIN,8.4,97
430,32,JAWA BARAT,8.4,PERSEN,2021,13,32,SEMESTER I,412,POIN,21,32,PERKOTAAN,10.57,PERSEN,203,32,3273,KOTA BANDUNG,LAKI-LAKI,85.39,POIN,8.4,97
430,32,JAWA BARAT,8.4,PERSEN,2021,13,32,SEMESTER I,412,POIN,21,32,PERKOTAAN,10.57,PERSEN,204,32,3273,KOTA BANDUNG,PEREMPUAN,80.88,POIN,8.4,97
430,32,JAWA BARAT,8.4,PERSEN,2021,13,32,SEMESTER I,412,POIN,21,32,PERKOTAAN,10.57,PERSEN,205,32,3274,KOTA CIREBON,LAKI-LAKI,78.56,POIN,8.4,97
430,32,JAWA BARAT,8.4,PERSEN,2021,13,32,SEMESTER I,412,POIN,21,32,PERKOTAAN,10.57,PERSEN,206,32,3274,KOTA CIREBON,PEREMPUAN,74.21,POIN,8.4,97
430,32,JAWA BARAT,8.4,PERSEN,2021,13,32,SEMESTER I,412,POIN,21,32,PERKOTAAN,10.57,PERSEN,207,32,3275,KOTA BEKASI,LAKI-LAKI,86.42,POIN,8.4,97
430,32,JAWA BARAT,8.4,PERSEN,2021,13,32,SEMESTER I,412,POIN,21,32,PERKOTAAN,10.57,PERSEN,208,32,3275,KOTA BEKASI,PEREMPUAN,80.45,POIN,8.4,97
430,32,JAWA BARAT,8.4,PERSEN,2021,13,32,SEMESTER I,412,POIN,21,32,PERKOTAAN,10.57,PERSEN,209,32,3276,KOTA DEPOK,LAKI-LAKI,85.6,POIN,8.4,97
430,32,JAWA BARAT,8.4,PERSEN,2021,13,32,SEMESTER I,412,POIN,21,32,PERKOTAAN,10.57,PERSEN,210,32,3276,KOTA DEPOK,PEREMPUAN,79.57,POIN,8.4,97
430,32,JAWA BARAT,8.4,PERSEN,2021,13,32,SEMESTER I,412,POIN,21,32,PERKOTAAN,10.57,PERSEN,211,32,3277,KOTA CIMAHI,LAKI-LAKI,82.19,POIN,8.4,97
430,32,JAWA BARAT,8.4,PERSEN,2021,13,32,SEMESTER I,412,POIN,21,32,PERKOTAAN,10.57,PERSEN,212,32,3277,KOTA CIMAHI,PEREMPUAN,75.57,POIN,8.4,97
430,32,JAWA BARAT,8.4,PERSEN,2021,13,32,SEMESTER I,412,POIN,21,32,PERKOTAAN,10.57,PERSEN,213,32,3278,KOTA TASIKMALAYA,LAKI-LAKI,76.49,POIN,8.4,97
430,32,JAWA BARAT,8.4,PERSEN,2021,13,32,SEMESTER I,412,POIN,21,32,PERKOTAAN,10.57,PERSEN,214,32,3278,KOTA TASIKMALAYA,PEREMPUAN,70.17,POIN,8.4,97
430,32,JAWA BARAT,8.4,PERSEN,2021,13,32,SEMESTER I,412,POIN,21,32,PERKOTAAN,10.57,PERSEN,215,32,3279,KOTA BANJAR,LAKI-LAKI,76.97,POIN,8.4,97
430,32,JAWA BARAT,8.4,PERSEN,2021,13,32,SEMESTER I,412,POIN,21,32,PERKOTAAN,10.57,PERSEN,216,32,3279,KOTA BANJAR,PEREMPUAN,66.97,POIN,8.4,97
430,32,JAWA BARAT,8.4,PERSEN,2021,13,32,SEMESTER I,412,POIN,22,32,PERDESAAN,7.2,PERSEN,163,32,3201,KABUPATEN BOGOR,LAKI-LAKI,75.38,POIN,8.4,97
430,32,JAWA BARAT,8.4,PERSEN,2021,13,32,SEMESTER I,412,POIN,22,32,PERDESAAN,7.2,PERSEN,164,32,3201,KABUPATEN BOGOR,PEREMPUAN,67.39,POIN,8.4,97
430,32,JAWA BARAT,8.4,PERSEN,2021,13,32,SEMESTER I,412,POIN,22,32,PERDESAAN,7.2,PERSEN,165,32,3202,KABUPATEN SUKABUMI,LAKI-LAKI,72.44,POIN,8.4,97
430,32,JAWA BARAT,8.4,PERSEN,2021,13,32,SEMESTER I,412,POIN,22,32,PERDESAAN,7.2,PERSEN,166,32,3202,KABUPATEN SUKABUMI,PEREMPUAN,63.34,POIN,8.4,97
430,32,JAWA BARAT,8.4,PERSEN,2021,13,32,SEMESTER I,412,POIN,22,32,PERDESAAN,7.2,PERSEN,167,32,3203,KABUPATEN CIANJUR,LAKI-LAKI,70.08,POIN,8.4,97
430,32,JAWA BARAT,8.4,PERSEN,2021,13,32,SEMESTER I,412,POIN,22,32,PERDESAAN,7.2,PERSEN,168,32,3203,KABUPATEN CIANJUR,PEREMPUAN,59.08,POIN,8.4,97
430,32,JAWA BARAT,8.4,PERSEN,2021,13,32,SEMESTER I,412,POIN,22,32,PERDESAAN,7.2,PERSEN,169,32,3204,KABUPATEN BANDUNG,LAKI-LAKI,75.75,POIN,8.4,97
430,32,JAWA BARAT,8.4,PERSEN,2021,13,32,SEMESTER I,412,POIN,22,32,PERDESAAN,7.2,PERSEN,170,32,3204,KABUPATEN BANDUNG,PEREMPUAN,71.09,POIN,8.4,97
430,32,JAWA BARAT,8.4,PERSEN,2021,13,32,SEMESTER I,412,POIN,22,32,PERDESAAN,7.2,PERSEN,171,32,3205,KABUPATEN GARUT,LAKI-LAKI,71.13,POIN,8.4,97
430,32,JAWA BARAT,8.4,PERSEN,2021,13,32,SEMESTER I,412,POIN,22,32,PERDESAAN,7.2,PERSEN,172,32,3205,KABUPATEN GARUT,PEREMPUAN,58.42,POIN,8.4,97
430,32,JAWA BARAT,8.4,PERSEN,2021,13,32,SEMESTER I,412,POIN,22,32,PERDESAAN,7.2,PERSEN,173,32,3206,KABUPATEN TASIKMALAYA,LAKI-LAKI,70.59,POIN,8.4,97
430,32,JAWA BARAT,8.4,PERSEN,2021,13,32,SEMESTER I,412,POIN,22,32,PERDESAAN,7.2,PERSEN,174,32,3206,KABUPATEN TASIKMALAYA,PEREMPUAN,60.96,POIN,8.4,97
430,32,JAWA BARAT,8.4,PERSEN,2021,13,32,SEMESTER I,412,POIN,22,32,PERDESAAN,7.2,PERSEN,175,32,3207,KABUPATEN CIAMIS,LAKI-LAKI,76.41,POIN,8.4,97
430,32,JAWA BARAT,8.4,PERSEN,2021,13,32,SEMESTER I,412,POIN,22,32,PERDESAAN,7.2,PERSEN,176,32,3207,KABUPATEN CIAMIS,PEREMPUAN,66.13,POIN,8.4,97
430,32,JAWA BARAT,8.4,PERSEN,2021,13,32,SEMESTER I,412,POIN,22,32,PERDESAAN,7.2,PERSEN,177,32,3208,KABUPATEN KUNINGAN,LAKI-LAKI,75.06,POIN,8.4,97
430,32,JAWA BARAT,8.4,PERSEN,2021,13,32,SEMESTER I,412,POIN,22,32,PERDESAAN,7.2,PERSEN,178,32,3208,KABUPATEN KUNINGAN,PEREMPUAN,65.28,POIN,8.4,97
430,32,JAWA BARAT,8.4,PERSEN,2021,13,32,SEMESTER I,412,POIN,22,32,PERDESAAN,7.2,PERSEN,179,32,3209,KABUPATEN CIREBON,LAKI-LAKI,73.96,POIN,8.4,97
430,32,JAWA BARAT,8.4,PERSEN,2021,13,32,SEMESTER I,412,POIN,22,32,PERDESAAN,7.2,PERSEN,180,32,3209,KABUPATEN CIREBON,PEREMPUAN,61.75,POIN,8.4,97
430,32,JAWA BARAT,8.4,PERSEN,2021,13,32,SEMESTER I,412,POIN,22,32,PERDESAAN,7.2,PERSEN,181,32,3210,KABUPATEN MAJALENGKA,LAKI-LAKI,72.46,POIN,8.4,97
430,32,JAWA BARAT,8.4,PERSEN,2021,13,32,SEMESTER I,412,POIN,22,32,PERDESAAN,7.2,PERSEN,182,32,3210,KABUPATEN MAJALENGKA,PEREMPUAN,62.49,POIN,8.4,97
430,32,JAWA BARAT,8.4,PERSEN,2021,13,32,SEMESTER I,412,POIN,22,32,PERDESAAN,7.2,PERSEN,183,32,3211,KABUPATEN SUMEDANG,LAKI-LAKI,75.07,POIN,8.4,97
430,32,JAWA BARAT,8.4,PERSEN,2021,13,32,SEMESTER I,412,POIN,22,32,PERDESAAN,7.2,PERSEN,184,32,3211,KABUPATEN SUMEDANG,PEREMPUAN,71.45,POIN,8.4,97
430,32,JAWA BARAT,8.4,PERSEN,2021,13,32,SEMESTER I,412,POIN,22,32,PERDESAAN,7.2,PERSEN,185,32,3212,KABUPATEN INDRAMAYU,LAKI-LAKI,72.12,POIN,8.4,97
430,32,JAWA BARAT,8.4,PERSEN,2021,13,32,SEMESTER I,412,POIN,22,32,PERDESAAN,7.2,PERSEN,186,32,3212,KABUPATEN INDRAMAYU,PEREMPUAN,63.41,POIN,8.4,97
430,32,JAWA BARAT,8.4,PERSEN,2021,13,32,SEMESTER I,412,POIN,22,32,PERDESAAN,7.2,PERSEN,187,32,3213,KABUPATEN SUBANG,LAKI-LAKI,73.01,POIN,8.4,97
430,32,JAWA BARAT,8.4,PERSEN,2021,13,32,SEMESTER I,412,POIN,22,32,PERDESAAN,7.2,PERSEN,188,32,3213,KABUPATEN SUBANG,PEREMPUAN,66.08,POIN,8.4,97
430,32,JAWA BARAT,8.4,PERSEN,2021,13,32,SEMESTER I,412,POIN,22,32,PERDESAAN,7.2,PERSEN,189,32,3214,KABUPATEN PURWAKARTA,LAKI-LAKI,75.99,POIN,8.4,97
430,32,JAWA BARAT,8.4,PERSEN,2021,13,32,SEMESTER I,412,POIN,22,32,PERDESAAN,7.2,PERSEN,190,32,3214,KABUPATEN PURWAKARTA,PEREMPUAN,65.88,POIN,8.4,97
430,32,JAWA BARAT,8.4,PERSEN,2021,13,32,SEMESTER I,412,POIN,22,32,PERDESAAN,7.2,PERSEN,191,32,3215,KABUPATEN KARAWANG,LAKI-LAKI,74.76,POIN,8.4,97
430,32,JAWA BARAT,8.4,PERSEN,2021,13,32,SEMESTER I,412,POIN,22,32,PERDESAAN,7.2,PERSEN,192,32,3215,KABUPATEN KARAWANG,PEREMPUAN,67.5,POIN,8.4,97
430,32,JAWA BARAT,8.4,PERSEN,2021,13,32,SEMESTER I,412,POIN,22,32,PERDESAAN,7.2,PERSEN,193,32,3216,KABUPATEN BEKASI,LAKI-LAKI,79.23,POIN,8.4,97
430,32,JAWA BARAT,8.4,PERSEN,2021,13,32,SEMESTER I,412,POIN,22,32,PERDESAAN,7.2,PERSEN,194,32,3216,KABUPATEN BEKASI,PEREMPUAN,70.42,POIN,8.4,97
430,32,JAWA BARAT,8.4,PERSEN,2021,13,32,SEMESTER I,412,POIN,22,32,PERDESAAN,7.2,PERSEN,195,32,3217,KABUPATEN BANDUNG BARAT,LAKI-LAKI,73.5,POIN,8.4,97
430,32,JAWA BARAT,8.4,PERSEN,2021,13,32,SEMESTER I,412,POIN,22,32,PERDESAAN,7.2,PERSEN,196,32,3217,KABUPATEN BANDUNG BARAT,PEREMPUAN,58.12,POIN,8.4,97
430,32,JAWA BARAT,8.4,PERSEN,2021,13,32,SEMESTER I,412,POIN,22,32,PERDESAAN,7.2,PERSEN,197,32,3218,KABUPATEN PANGANDARAN,LAKI-LAKI,72.54,POIN,8.4,97
430,32,JAWA BARAT,8.4,PERSEN,2021,13,32,SEMESTER I,412,POIN,22,32,PERDESAAN,7.2,PERSEN,198,32,3218,KABUPATEN PANGANDARAN,PEREMPUAN,65.23,POIN,8.4,97
430,32,JAWA BARAT,8.4,PERSEN,2021,13,32,SEMESTER I,412,POIN,22,32,PERDESAAN,7.2,PERSEN,199,32,3271,KOTA BOGOR,LAKI-LAKI,81.23,POIN,8.4,97
430,32,JAWA BARAT,8.4,PERSEN,2021,13,32,SEMESTER I,412,POIN,22,32,PERDESAAN,7.2,PERSEN,200,32,3271,KOTA BOGOR,PEREMPUAN,73.81,POIN,8.4,97
430,32,JAWA BARAT,8.4,PERSEN,2021,13,32,SEMESTER I,412,POIN,22,32,PERDESAAN,7.2,PERSEN,201,32,3272,KOTA SUKABUMI,LAKI-LAKI,79.7,POIN,8.4,97
430,32,JAWA BARAT,8.4,PERSEN,2021,13,32,SEMESTER I,412,POIN,22,32,PERDESAAN,7.2,PERSEN,202,32,3272,KOTA SUKABUMI,PEREMPUAN,72.99,POIN,8.4,97
430,32,JAWA BARAT,8.4,PERSEN,2021,13,32,SEMESTER I,412,POIN,22,32,PERDESAAN,7.2,PERSEN,203,32,3273,KOTA BANDUNG,LAKI-LAKI,85.39,POIN,8.4,97
430,32,JAWA BARAT,8.4,PERSEN,2021,13,32,SEMESTER I,412,POIN,22,32,PERDESAAN,7.2,PERSEN,204,32,3273,KOTA BANDUNG,PEREMPUAN,80.88,POIN,8.4,97
430,32,JAWA BARAT,8.4,PERSEN,2021,13,32,SEMESTER I,412,POIN,22,32,PERDESAAN,7.2,PERSEN,205,32,3274,KOTA CIREBON,LAKI-LAKI,78.56,POIN,8.4,97
430,32,JAWA BARAT,8.4,PERSEN,2021,13,32,SEMESTER I,412,POIN,22,32,PERDESAAN,7.2,PERSEN,206,32,3274,KOTA CIREBON,PEREMPUAN,74.21,POIN,8.4,97
430,32,JAWA BARAT,8.4,PERSEN,2021,13,32,SEMESTER I,412,POIN,22,32,PERDESAAN,7.2,PERSEN,207,32,3275,KOTA BEKASI,LAKI-LAKI,86.42,POIN,8.4,97
430,32,JAWA BARAT,8.4,PERSEN,2021,13,32,SEMESTER I,412,POIN,22,32,PERDESAAN,7.2,PERSEN,208,32,3275,KOTA BEKASI,PEREMPUAN,80.45,POIN,8.4,97
430,32,JAWA BARAT,8.4,PERSEN,2021,13,32,SEMESTER I,412,POIN,22,32,PERDESAAN,7.2,PERSEN,209,32,3276,KOTA DEPOK,LAKI-LAKI,85.6,POIN,8.4,97
430,32,JAWA BARAT,8.4,PERSEN,2021,13,32,SEMESTER I,412,POIN,22,32,PERDESAAN,7.2,PERSEN,210,32,3276,KOTA DEPOK,PEREMPUAN,79.57,POIN,8.4,97
430,32,JAWA BARAT,8.4,PERSEN,2021,13,32,SEMESTER I,412,POIN,22,32,PERDESAAN,7.2,PERSEN,211,32,3277,KOTA CIMAHI,LAKI-LAKI,82.19,POIN,8.4,97
430,32,JAWA BARAT,8.4,PERSEN,2021,13,32,SEMESTER I,412,POIN,22,32,PERDESAAN,7.2,PERSEN,212,32,3277,KOTA CIMAHI,PEREMPUAN,75.57,POIN,8.4,97
430,32,JAWA BARAT,8.4,PERSEN,2021,13,32,SEMESTER I,412,POIN,22,32,PERDESAAN,7.2,PERSEN,213,32,3278,KOTA TASIKMALAYA,LAKI-LAKI,76.49,POIN,8.4,97
430,32,JAWA BARAT,8.4,PERSEN,2021,13,32,SEMESTER I,412,POIN,22,32,PERDESAAN,7.2,PERSEN,214,32,3278,KOTA TASIKMALAYA,PEREMPUAN,70.17,POIN,8.4,97
430,32,JAWA BARAT,8.4,PERSEN,2021,13,32,SEMESTER I,412,POIN,22,32,PERDESAAN,7.2,PERSEN,215,32,3279,KOTA BANJAR,LAKI-LAKI,76.97,POIN,8.4,97
430,32,JAWA BARAT,8.4,PERSEN,2021,13,32,SEMESTER I,412,POIN,22,32,PERDESAAN,7.2,PERSEN,216,32,3279,KOTA BANJAR,PEREMPUAN,66.97,POIN,8.4,97
430,32,JAWA BARAT,8.4,PERSEN,2021,14,32,SEMESTER II,406,POIN,21,32,PERKOTAAN,10.57,PERSEN,163,32,3201,KABUPATEN BOGOR,LAKI-LAKI,75.38,POIN,8.4,97
430,32,JAWA BARAT,8.4,PERSEN,2021,14,32,SEMESTER II,406,POIN,21,32,PERKOTAAN,10.57,PERSEN,164,32,3201,KABUPATEN BOGOR,PEREMPUAN,67.39,POIN,8.4,97
430,32,JAWA BARAT,8.4,PERSEN,2021,14,32,SEMESTER II,406,POIN,21,32,PERKOTAAN,10.57,PERSEN,165,32,3202,KABUPATEN SUKABUMI,LAKI-LAKI,72.44,POIN,8.4,97
430,32,JAWA BARAT,8.4,PERSEN,2021,14,32,SEMESTER II,406,POIN,21,32,PERKOTAAN,10.57,PERSEN,166,32,3202,KABUPATEN SUKABUMI,PEREMPUAN,63.34,POIN,8.4,97
430,32,JAWA BARAT,8.4,PERSEN,2021,14,32,SEMESTER II,406,POIN,21,32,PERKOTAAN,10.57,PERSEN,167,32,3203,KABUPATEN CIANJUR,LAKI-LAKI,70.08,POIN,8.4,97
430,32,JAWA BARAT,8.4,PERSEN,2021,14,32,SEMESTER II,406,POIN,21,32,PERKOTAAN,10.57,PERSEN,168,32,3203,KABUPATEN CIANJUR,PEREMPUAN,59.08,POIN,8.4,97
430,32,JAWA BARAT,8.4,PERSEN,2021,14,32,SEMESTER II,406,POIN,21,32,PERKOTAAN,10.57,PERSEN,169,32,3204,KABUPATEN BANDUNG,LAKI-LAKI,75.75,POIN,8.4,97
430,32,JAWA BARAT,8.4,PERSEN,2021,14,32,SEMESTER II,406,POIN,21,32,PERKOTAAN,10.57,PERSEN,170,32,3204,KABUPATEN BANDUNG,PEREMPUAN,71.09,POIN,8.4,97
430,32,JAWA BARAT,8.4,PERSEN,2021,14,32,SEMESTER II,406,POIN,21,32,PERKOTAAN,10.57,PERSEN,171,32,3205,KABUPATEN GARUT,LAKI-LAKI,71.13,POIN,8.4,97
430,32,JAWA BARAT,8.4,PERSEN,2021,14,32,SEMESTER II,406,POIN,21,32,PERKOTAAN,10.57,PERSEN,172,32,3205,KABUPATEN GARUT,PEREMPUAN,58.42,POIN,8.4,97
430,32,JAWA BARAT,8.4,PERSEN,2021,14,32,SEMESTER II,406,POIN,21,32,PERKOTAAN,10.57,PERSEN,173,32,3206,KABUPATEN TASIKMALAYA,LAKI-LAKI,70.59,POIN,8.4,97
430,32,JAWA BARAT,8.4,PERSEN,2021,14,32,SEMESTER II,406,POIN,21,32,PERKOTAAN,10.57,PERSEN,174,32,3206,KABUPATEN TASIKMALAYA,PEREMPUAN,60.96,POIN,8.4,97
430,32,JAWA BARAT,8.4,PERSEN,2021,14,32,SEMESTER II,406,POIN,21,32,PERKOTAAN,10.57,PERSEN,175,32,3207,KABUPATEN CIAMIS,LAKI-LAKI,76.41,POIN,8.4,97
430,32,JAWA BARAT,8.4,PERSEN,2021,14,32,SEMESTER II,406,POIN,21,32,PERKOTAAN,10.57,PERSEN,176,32,3207,KABUPATEN CIAMIS,PEREMPUAN,66.13,POIN,8.4,97
430,32,JAWA BARAT,8.4,PERSEN,2021,14,32,SEMESTER II,406,POIN,21,32,PERKOTAAN,10.57,PERSEN,177,32,3208,KABUPATEN KUNINGAN,LAKI-LAKI,75.06,POIN,8.4,97
430,32,JAWA BARAT,8.4,PERSEN,2021,14,32,SEMESTER II,406,POIN,21,32,PERKOTAAN,10.57,PERSEN,178,32,3208,KABUPATEN KUNINGAN,PEREMPUAN,65.28,POIN,8.4,97
430,32,JAWA BARAT,8.4,PERSEN,2021,14,32,SEMESTER II,406,POIN,21,32,PERKOTAAN,10.57,PERSEN,179,32,3209,KABUPATEN CIREBON,LAKI-LAKI,73.96,POIN,8.4,97
430,32,JAWA BARAT,8.4,PERSEN,2021,14,32,SEMESTER II,406,POIN,21,32,PERKOTAAN,10.57,PERSEN,180,32,3209,KABUPATEN CIREBON,PEREMPUAN,61.75,POIN,8.4,97
430,32,JAWA BARAT,8.4,PERSEN,2021,14,32,SEMESTER II,406,POIN,21,32,PERKOTAAN,10.57,PERSEN,181,32,3210,KABUPATEN MAJALENGKA,LAKI-LAKI,72.46,POIN,8.4,97
430,32,JAWA BARAT,8.4,PERSEN,2021,14,32,SEMESTER II,406,POIN,21,32,PERKOTAAN,10.57,PERSEN,182,32,3210,KABUPATEN MAJALENGKA,PEREMPUAN,62.49,POIN,8.4,97
430,32,JAWA BARAT,8.4,PERSEN,2021,14,32,SEMESTER II,406,POIN,21,32,PERKOTAAN,10.57,PERSEN,183,32,3211,KABUPATEN SUMEDANG,LAKI-LAKI,75.07,POIN,8.4,97
430,32,JAWA BARAT,8.4,PERSEN,2021,14,32,SEMESTER II,406,POIN,21,32,PERKOTAAN,10.57,PERSEN,184,32,3211,KABUPATEN SUMEDANG,PEREMPUAN,71.45,POIN,8.4,97
430,32,JAWA BARAT,8.4,PERSEN,2021,14,32,SEMESTER II,406,POIN,21,32,PERKOTAAN,10.57,PERSEN,185,32,3212,KABUPATEN INDRAMAYU,LAKI-LAKI,72.12,POIN,8.4,97
430,32,JAWA BARAT,8.4,PERSEN,2021,14,32,SEMESTER II,406,POIN,21,32,PERKOTAAN,10.57,PERSEN,186,32,3212,KABUPATEN INDRAMAYU,PEREMPUAN,63.41,POIN,8.4,97
430,32,JAWA BARAT,8.4,PERSEN,2021,14,32,SEMESTER II,406,POIN,21,32,PERKOTAAN,10.57,PERSEN,187,32,3213,KABUPATEN SUBANG,LAKI-LAKI,73.01,POIN,8.4,97
430,32,JAWA BARAT,8.4,PERSEN,2021,14,32,SEMESTER II,406,POIN,21,32,PERKOTAAN,10.57,PERSEN,188,32,3213,KABUPATEN SUBANG,PEREMPUAN,66.08,POIN,8.4,97
430,32,JAWA BARAT,8.4,PERSEN,2021,14,32,SEMESTER II,406,POIN,21,32,PERKOTAAN,10.57,PERSEN,189,32,3214,KABUPATEN PURWAKARTA,LAKI-LAKI,75.99,POIN,8.4,97
430,32,JAWA BARAT,8.4,PERSEN,2021,14,32,SEMESTER II,406,POIN,21,32,PERKOTAAN,10.57,PERSEN,190,32,3214,KABUPATEN PURWAKARTA,PEREMPUAN,65.88,POIN,8.4,97
430,32,JAWA BARAT,8.4,PERSEN,2021,14,32,SEMESTER II,406,POIN,21,32,PERKOTAAN,10.57,PERSEN,191,32,3215,KABUPATEN KARAWANG,LAKI-LAKI,74.76,POIN,8.4,97
430,32,JAWA BARAT,8.4,PERSEN,2021,14,32,SEMESTER II,406,POIN,21,32,PERKOTAAN,10.57,PERSEN,192,32,3215,KABUPATEN KARAWANG,PEREMPUAN,67.5,POIN,8.4,97
430,32,JAWA BARAT,8.4,PERSEN,2021,14,32,SEMESTER II,406,POIN,21,32,PERKOTAAN,10.57,PERSEN,193,32,3216,KABUPATEN BEKASI,LAKI-LAKI,79.23,POIN,8.4,97
430,32,JAWA BARAT,8.4,PERSEN,2021,14,32,SEMESTER II,406,POIN,21,32,PERKOTAAN,10.57,PERSEN,194,32,3216,KABUPATEN BEKASI,PEREMPUAN,70.42,POIN,8.4,97
430,32,JAWA BARAT,8.4,PERSEN,2021,14,32,SEMESTER II,406,POIN,21,32,PERKOTAAN,10.57,PERSEN,195,32,3217,KABUPATEN BANDUNG BARAT,LAKI-LAKI,73.5,POIN,8.4,97
430,32,JAWA BARAT,8.4,PERSEN,2021,14,32,SEMESTER II,406,POIN,21,32,PERKOTAAN,10.57,PERSEN,196,32,3217,KABUPATEN BANDUNG BARAT,PEREMPUAN,58.12,POIN,8.4,97
430,32,JAWA BARAT,8.4,PERSEN,2021,14,32,SEMESTER II,406,POIN,21,32,PERKOTAAN,10.57,PERSEN,197,32,3218,KABUPATEN PANGANDARAN,LAKI-LAKI,72.54,POIN,8.4,97
430,32,JAWA BARAT,8.4,PERSEN,2021,14,32,SEMESTER II,406,POIN,21,32,PERKOTAAN,10.57,PERSEN,198,32,3218,KABUPATEN PANGANDARAN,PEREMPUAN,65.23,POIN,8.4,97
430,32,JAWA BARAT,8.4,PERSEN,2021,14,32,SEMESTER II,406,POIN,21,32,PERKOTAAN,10.57,PERSEN,199,32,3271,KOTA BOGOR,LAKI-LAKI,81.23,POIN,8.4,97
430,32,JAWA BARAT,8.4,PERSEN,2021,14,32,SEMESTER II,406,POIN,21,32,PERKOTAAN,10.57,PERSEN,200,32,3271,KOTA BOGOR,PEREMPUAN,73.81,POIN,8.4,97
430,32,JAWA BARAT,8.4,PERSEN,2021,14,32,SEMESTER II,406,POIN,21,32,PERKOTAAN,10.57,PERSEN,201,32,3272,KOTA SUKABUMI,LAKI-LAKI,79.7,POIN,8.4,97
430,32,JAWA BARAT,8.4,PERSEN,2021,14,32,SEMESTER II,406,POIN,21,32,PERKOTAAN,10.57,PERSEN,202,32,3272,KOTA SUKABUMI,PEREMPUAN,72.99,POIN,8.4,97
430,32,JAWA BARAT,8.4,PERSEN,2021,14,32,SEMESTER II,406,POIN,21,32,PERKOTAAN,10.57,PERSEN,203,32,3273,KOTA BANDUNG,LAKI-LAKI,85.39,POIN,8.4,97
430,32,JAWA BARAT,8.4,PERSEN,2021,14,32,SEMESTER II,406,POIN,21,32,PERKOTAAN,10.57,PERSEN,204,32,3273,KOTA BANDUNG,PEREMPUAN,80.88,POIN,8.4,97
430,32,JAWA BARAT,8.4,PERSEN,2021,14,32,SEMESTER II,406,POIN,21,32,PERKOTAAN,10.57,PERSEN,205,32,3274,KOTA CIREBON,LAKI-LAKI,78.56,POIN,8.4,97
430,32,JAWA BARAT,8.4,PERSEN,2021,14,32,SEMESTER II,406,POIN,21,32,PERKOTAAN,10.57,PERSEN,206,32,3274,KOTA CIREBON,PEREMPUAN,74.21,POIN,8.4,97
430,32,JAWA BARAT,8.4,PERSEN,2021,14,32,SEMESTER II,406,POIN,21,32,PERKOTAAN,10.57,PERSEN,207,32,3275,KOTA BEKASI,LAKI-LAKI,86.42,POIN,8.4,97
430,32,JAWA BARAT,8.4,PERSEN,2021,14,32,SEMESTER II,406,POIN,21,32,PERKOTAAN,10.57,PERSEN,208,32,3275,KOTA BEKASI,PEREMPUAN,80.45,POIN,8.4,97
430,32,JAWA BARAT,8.4,PERSEN,2021,14,32,SEMESTER II,406,POIN,21,32,PERKOTAAN,10.57,PERSEN,209,32,3276,KOTA DEPOK,LAKI-LAKI,85.6,POIN,8.4,97
430,32,JAWA BARAT,8.4,PERSEN,2021,14,32,SEMESTER II,406,POIN,21,32,PERKOTAAN,10.57,PERSEN,210,32,3276,KOTA DEPOK,PEREMPUAN,79.57,POIN,8.4,97
430,32,JAWA BARAT,8.4,PERSEN,2021,14,32,SEMESTER II,406,POIN,21,32,PERKOTAAN,10.57,PERSEN,211,32,3277,KOTA CIMAHI,LAKI-LAKI,82.19,POIN,8.4,97
430,32,JAWA BARAT,8.4,PERSEN,2021,14,32,SEMESTER II,406,POIN,21,32,PERKOTAAN,10.57,PERSEN,212,32,3277,KOTA CIMAHI,PEREMPUAN,75.57,POIN,8.4,97
430,32,JAWA BARAT,8.4,PERSEN,2021,14,32,SEMESTER II,406,POIN,21,32,PERKOTAAN,10.57,PERSEN,213,32,3278,KOTA TASIKMALAYA,LAKI-LAKI,76.49,POIN,8.4,97
430,32,JAWA BARAT,8.4,PERSEN,2021,14,32,SEMESTER II,406,POIN,21,32,PERKOTAAN,10.57,PERSEN,214,32,3278,KOTA TASIKMALAYA,PEREMPUAN,70.17,POIN,8.4,97
430,32,JAWA BARAT,8.4,PERSEN,2021,14,32,SEMESTER II,406,POIN,21,32,PERKOTAAN,10.57,PERSEN,215,32,3279,KOTA BANJAR,LAKI-LAKI,76.97,POIN,8.4,97
430,32,JAWA BARAT,8.4,PERSEN,2021,14,32,SEMESTER II,406,POIN,21,32,PERKOTAAN,10.57,PERSEN,216,32,3279,KOTA BANJAR,PEREMPUAN,66.97,POIN,8.4,97
430,32,JAWA BARAT,8.4,PERSEN,2021,14,32,SEMESTER II,406,POIN,22,32,PERDESAAN,7.2,PERSEN,163,32,3201,KABUPATEN BOGOR,LAKI-LAKI,75.38,POIN,8.4,97
430,32,JAWA BARAT,8.4,PERSEN,2021,14,32,SEMESTER II,406,POIN,22,32,PERDESAAN,7.2,PERSEN,164,32,3201,KABUPATEN BOGOR,PEREMPUAN,67.39,POIN,8.4,97
430,32,JAWA BARAT,8.4,PERSEN,2021,14,32,SEMESTER II,406,POIN,22,32,PERDESAAN,7.2,PERSEN,165,32,3202,KABUPATEN SUKABUMI,LAKI-LAKI,72.44,POIN,8.4,97
430,32,JAWA BARAT,8.4,PERSEN,2021,14,32,SEMESTER II,406,POIN,22,32,PERDESAAN,7.2,PERSEN,166,32,3202,KABUPATEN SUKABUMI,PEREMPUAN,63.34,POIN,8.4,97
430,32,JAWA BARAT,8.4,PERSEN,2021,14,32,SEMESTER II,406,POIN,22,32,PERDESAAN,7.2,PERSEN,167,32,3203,KABUPATEN CIANJUR,LAKI-LAKI,70.08,POIN,8.4,97
430,32,JAWA BARAT,8.4,PERSEN,2021,14,32,SEMESTER II,406,POIN,22,32,PERDESAAN,7.2,PERSEN,168,32,3203,KABUPATEN CIANJUR,PEREMPUAN,59.08,POIN,8.4,97
430,32,JAWA BARAT,8.4,PERSEN,2021,14,32,SEMESTER II,406,POIN,22,32,PERDESAAN,7.2,PERSEN,169,32,3204,KABUPATEN BANDUNG,LAKI-LAKI,75.75,POIN,8.4,97
430,32,JAWA BARAT,8.4,PERSEN,2021,14,32,SEMESTER II,406,POIN,22,32,PERDESAAN,7.2,PERSEN,170,32,3204,KABUPATEN BANDUNG,PEREMPUAN,71.09,POIN,8.4,97
430,32,JAWA BARAT,8.4,PERSEN,2021,14,32,SEMESTER II,406,POIN,22,32,PERDESAAN,7.2,PERSEN,171,32,3205,KABUPATEN GARUT,LAKI-LAKI,71.13,POIN,8.4,97
430,32,JAWA BARAT,8.4,PERSEN,2021,14,32,SEMESTER II,406,POIN,22,32,PERDESAAN,7.2,PERSEN,172,32,3205,KABUPATEN GARUT,PEREMPUAN,58.42,POIN,8.4,97
430,32,JAWA BARAT,8.4,PERSEN,2021,14,32,SEMESTER II,406,POIN,22,32,PERDESAAN,7.2,PERSEN,173,32,3206,KABUPATEN TASIKMALAYA,LAKI-LAKI,70.59,POIN,8.4,97
430,32,JAWA BARAT,8.4,PERSEN,2021,14,32,SEMESTER II,406,POIN,22,32,PERDESAAN,7.2,PERSEN,174,32,3206,KABUPATEN TASIKMALAYA,PEREMPUAN,60.96,POIN,8.4,97
430,32,JAWA BARAT,8.4,PERSEN,2021,14,32,SEMESTER II,406,POIN,22,32,PERDESAAN,7.2,PERSEN,175,32,3207,KABUPATEN CIAMIS,LAKI-LAKI,76.41,POIN,8.4,97
430,32,JAWA BARAT,8.4,PERSEN,2021,14,32,SEMESTER II,406,POIN,22,32,PERDESAAN,7.2,PERSEN,176,32,3207,KABUPATEN CIAMIS,PEREMPUAN,66.13,POIN,8.4,97
430,32,JAWA BARAT,8.4,PERSEN,2021,14,32,SEMESTER II,406,POIN,22,32,PERDESAAN,7.2,PERSEN,177,32,3208,KABUPATEN KUNINGAN,LAKI-LAKI,75.06,POIN,8.4,97
430,32,JAWA BARAT,8.4,PERSEN,2021,14,32,SEMESTER II,406,POIN,22,32,PERDESAAN,7.2,PERSEN,178,32,3208,KABUPATEN KUNINGAN,PEREMPUAN,65.28,POIN,8.4,97
430,32,JAWA BARAT,8.4,PERSEN,2021,14,32,SEMESTER II,406,POIN,22,32,PERDESAAN,7.2,PERSEN,179,32,3209,KABUPATEN CIREBON,LAKI-LAKI,73.96,POIN,8.4,97
430,32,JAWA BARAT,8.4,PERSEN,2021,14,32,SEMESTER II,406,POIN,22,32,PERDESAAN,7.2,PERSEN,180,32,3209,KABUPATEN CIREBON,PEREMPUAN,61.75,POIN,8.4,97
430,32,JAWA BARAT,8.4,PERSEN,2021,14,32,SEMESTER II,406,POIN,22,32,PERDESAAN,7.2,PERSEN,181,32,3210,KABUPATEN MAJALENGKA,LAKI-LAKI,72.46,POIN,8.4,97
430,32,JAWA BARAT,8.4,PERSEN,2021,14,32,SEMESTER II,406,POIN,22,32,PERDESAAN,7.2,PERSEN,182,32,3210,KABUPATEN MAJALENGKA,PEREMPUAN,62.49,POIN,8.4,97
430,32,JAWA BARAT,8.4,PERSEN,2021,14,32,SEMESTER II,406,POIN,22,32,PERDESAAN,7.2,PERSEN,183,32,3211,KABUPATEN SUMEDANG,LAKI-LAKI,75.07,POIN,8.4,97
430,32,JAWA BARAT,8.4,PERSEN,2021,14,32,SEMESTER II,406,POIN,22,32,PERDESAAN,7.2,PERSEN,184,32,3211,KABUPATEN SUMEDANG,PEREMPUAN,71.45,POIN,8.4,97
430,32,JAWA BARAT,8.4,PERSEN,2021,14,32,SEMESTER II,406,POIN,22,32,PERDESAAN,7.2,PERSEN,185,32,3212,KABUPATEN INDRAMAYU,LAKI-LAKI,72.12,POIN,8.4,97
430,32,JAWA BARAT,8.4,PERSEN,2021,14,32,SEMESTER II,406,POIN,22,32,PERDESAAN,7.2,PERSEN,186,32,3212,KABUPATEN INDRAMAYU,PEREMPUAN,63.41,POIN,8.4,97
430,32,JAWA BARAT,8.4,PERSEN,2021,14,32,SEMESTER II,406,POIN,22,32,PERDESAAN,7.2,PERSEN,187,32,3213,KABUPATEN SUBANG,LAKI-LAKI,73.01,POIN,8.4,97
430,32,JAWA BARAT,8.4,PERSEN,2021,14,32,SEMESTER II,406,POIN,22,32,PERDESAAN,7.2,PERSEN,188,32,3213,KABUPATEN SUBANG,PEREMPUAN,66.08,POIN,8.4,97
430,32,JAWA BARAT,8.4,PERSEN,2021,14,32,SEMESTER II,406,POIN,22,32,PERDESAAN,7.2,PERSEN,189,32,3214,KABUPATEN PURWAKARTA,LAKI-LAKI,75.99,POIN,8.4,97
430,32,JAWA BARAT,8.4,PERSEN,2021,14,32,SEMESTER II,406,POIN,22,32,PERDESAAN,7.2,PERSEN,190,32,3214,KABUPATEN PURWAKARTA,PEREMPUAN,65.88,POIN,8.4,97
430,32,JAWA BARAT,8.4,PERSEN,2021,14,32,SEMESTER II,406,POIN,22,32,PERDESAAN,7.2,PERSEN,191,32,3215,KABUPATEN KARAWANG,LAKI-LAKI,74.76,POIN,8.4,97
430,32,JAWA BARAT,8.4,PERSEN,2021,14,32,SEMESTER II,406,POIN,22,32,PERDESAAN,7.2,PERSEN,192,32,3215,KABUPATEN KARAWANG,PEREMPUAN,67.5,POIN,8.4,97
430,32,JAWA BARAT,8.4,PERSEN,2021,14,32,SEMESTER II,406,POIN,22,32,PERDESAAN,7.2,PERSEN,193,32,3216,KABUPATEN BEKASI,LAKI-LAKI,79.23,POIN,8.4,97
430,32,JAWA BARAT,8.4,PERSEN,2021,14,32,SEMESTER II,406,POIN,22,32,PERDESAAN,7.2,PERSEN,194,32,3216,KABUPATEN BEKASI,PEREMPUAN,70.42,POIN,8.4,97
430,32,JAWA BARAT,8.4,PERSEN,2021,14,32,SEMESTER II,406,POIN,22,32,PERDESAAN,7.2,PERSEN,195,32,3217,KABUPATEN BANDUNG BARAT,LAKI-LAKI,73.5,POIN,8.4,97
430,32,JAWA BARAT,8.4,PERSEN,2021,14,32,SEMESTER II,406,POIN,22,32,PERDESAAN,7.2,PERSEN,196,32,3217,KABUPATEN BANDUNG BARAT,PEREMPUAN,58.12,POIN,8.4,97
430,32,JAWA BARAT,8.4,PERSEN,2021,14,32,SEMESTER II,406,POIN,22,32,PERDESAAN,7.2,PERSEN,197,32,3218,KABUPATEN PANGANDARAN,LAKI-LAKI,72.54,POIN,8.4,97
430,32,JAWA BARAT,8.4,PERSEN,2021,14,32,SEMESTER II,406,POIN,22,32,PERDESAAN,7.2,PERSEN,198,32,3218,KABUPATEN PANGANDARAN,PEREMPUAN,65.23,POIN,8.4,97
430,32,JAWA BARAT,8.4,PERSEN,2021,14,32,SEMESTER II,406,POIN,22,32,PERDESAAN,7.2,PERSEN,199,32,3271,KOTA BOGOR,LAKI-LAKI,81.23,POIN,8.4,97
430,32,JAWA BARAT,8.4,PERSEN,2021,14,32,SEMESTER II,406,POIN,22,32,PERDESAAN,7.2,PERSEN,200,32,3271,KOTA BOGOR,PEREMPUAN,73.81,POIN,8.4,97
430,32,JAWA BARAT,8.4,PERSEN,2021,14,32,SEMESTER II,406,POIN,22,32,PERDESAAN,7.2,PERSEN,201,32,3272,KOTA SUKABUMI,LAKI-LAKI,79.7,POIN,8.4,97
430,32,JAWA BARAT,8.4,PERSEN,2021,14,32,SEMESTER II,406,POIN,22,32,PERDESAAN,7.2,PERSEN,202,32,3272,KOTA SUKABUMI,PEREMPUAN,72.99,POIN,8.4,97
430,32,JAWA BARAT,8.4,PERSEN,2021,14,32,SEMESTER II,406,POIN,22,32,PERDESAAN,7.2,PERSEN,203,32,3273,KOTA BANDUNG,LAKI-LAKI,85.39,POIN,8.4,97
430,32,JAWA BARAT,8.4,PERSEN,2021,14,32,SEMESTER II,406,POIN,22,32,PERDESAAN,7.2,PERSEN,204,32,3273,KOTA BANDUNG,PEREMPUAN,80.88,POIN,8.4,97
430,32,JAWA BARAT,8.4,PERSEN,2021,14,32,SEMESTER II,406,POIN,22,32,PERDESAAN,7.2,PERSEN,205,32,3274,KOTA CIREBON,LAKI-LAKI,78.56,POIN,8.4,97
430,32,JAWA BARAT,8.4,PERSEN,2021,14,32,SEMESTER II,406,POIN,22,32,PERDESAAN,7.2,PERSEN,206,32,3274,KOTA CIREBON,PEREMPUAN,74.21,POIN,8.4,97
430,32,JAWA BARAT,8.4,PERSEN,2021,14,32,SEMESTER II,406,POIN,22,32,PERDESAAN,7.2,PERSEN,207,32,3275,KOTA BEKASI,LAKI-LAKI,86.42,POIN,8.4,97
430,32,JAWA BARAT,8.4,PERSEN,2021,14,32,SEMESTER II,406,POIN,22,32,PERDESAAN,7.2,PERSEN,208,32,3275,KOTA BEKASI,PEREMPUAN,80.45,POIN,8.4,97
430,32,JAWA BARAT,8.4,PERSEN,2021,14,32,SEMESTER II,406,POIN,22,32,PERDESAAN,7.2,PERSEN,209,32,3276,KOTA DEPOK,LAKI-LAKI,85.6,POIN,8.4,97
430,32,JAWA BARAT,8.4,PERSEN,2021,14,32,SEMESTER II,406,POIN,22,32,PERDESAAN,7.2,PERSEN,210,32,3276,KOTA DEPOK,PEREMPUAN,79.57,POIN,8.4,97
430,32,JAWA BARAT,8.4,PERSEN,2021,14,32,SEMESTER II,406,POIN,22,32,PERDESAAN,7.2,PERSEN,211,32,3277,KOTA CIMAHI,LAKI-LAKI,82.19,POIN,8.4,97
430,32,JAWA BARAT,8.4,PERSEN,2021,14,32,SEMESTER II,406,POIN,22,32,PERDESAAN,7.2,PERSEN,212,32,3277,KOTA CIMAHI,PEREMPUAN,75.57,POIN,8.4,97
430,32,JAWA BARAT,8.4,PERSEN,2021,14,32,SEMESTER II,406,POIN,22,32,PERDESAAN,7.2,PERSEN,213,32,3278,KOTA TASIKMALAYA,LAKI-LAKI,76.49,POIN,8.4,97
430,32,JAWA BARAT,8.4,PERSEN,2021,14,32,SEMESTER II,406,POIN,22,32,PERDESAAN,7.2,PERSEN,214,32,3278,KOTA TASIKMALAYA,PEREMPUAN,70.17,POIN,8.4,97
430,32,JAWA BARAT,8.4,PERSEN,2021,14,32,SEMESTER II,406,POIN,22,32,PERDESAAN,7.2,PERSEN,215,32,3279,KOTA BANJAR,LAKI-LAKI,76.97,POIN,8.4,97
430,32,JAWA BARAT,8.4,PERSEN,2021,14,32,SEMESTER II,406,POIN,22,32,PERDESAAN,7.2,PERSEN,216,32,3279,KOTA BANJAR,PEREMPUAN,66.97,POIN,08.06,97
468,32,JAWA BARAT,08.06,PERSEN,2022,15,32,SEMESTER I,417,POIN,23,32,PERKOTAAN,8.92,PERSEN,217,32,3201,KABUPATEN BOGOR,LAKI-LAKI,75.91,POIN,08.06,"33,825,000,000,000,000"
468,32,JAWA BARAT,08.06,PERSEN,2022,15,32,SEMESTER I,417,POIN,23,32,PERKOTAAN,8.92,PERSEN,218,32,3201,KABUPATEN BOGOR,PEREMPUAN,68.28,POIN,08.06,"33,825,000,000,000,000"
468,32,JAWA BARAT,08.06,PERSEN,2022,15,32,SEMESTER I,417,POIN,23,32,PERKOTAAN,8.92,PERSEN,219,32,3202,KABUPATEN SUKABUMI,LAKI-LAKI,72.95,POIN,08.06,"33,825,000,000,000,000"
468,32,JAWA BARAT,08.06,PERSEN,2022,15,32,SEMESTER I,417,POIN,23,32,PERKOTAAN,8.92,PERSEN,220,32,3202,KABUPATEN SUKABUMI,PEREMPUAN,63.93,POIN,08.06,"33,825,000,000,000,000"
468,32,JAWA BARAT,08.06,PERSEN,2022,15,32,SEMESTER I,417,POIN,23,32,PERKOTAAN,8.92,PERSEN,221,32,3203,KABUPATEN CIANJUR,LAKI-LAKI,70.4,POIN,08.06,"33,825,000,000,000,000"
468,32,JAWA BARAT,08.06,PERSEN,2022,15,32,SEMESTER I,417,POIN,23,32,PERKOTAAN,8.92,PERSEN,222,32,3203,KABUPATEN CIANJUR,PEREMPUAN,59.77,POIN,08.06,"33,825,000,000,000,000"
468,32,JAWA BARAT,08.06,PERSEN,2022,15,32,SEMESTER I,417,POIN,23,32,PERKOTAAN,8.92,PERSEN,223,32,3204,KABUPATEN BANDUNG,LAKI-LAKI,76.11,POIN,08.06,"33,825,000,000,000,000"
468,32,JAWA BARAT,08.06,PERSEN,2022,15,32,SEMESTER I,417,POIN,23,32,PERKOTAAN,8.92,PERSEN,224,32,3204,KABUPATEN BANDUNG,PEREMPUAN,71.52,POIN,08.06,"33,825,000,000,000,000"
468,32,JAWA BARAT,08.06,PERSEN,2022,15,32,SEMESTER I,417,POIN,23,32,PERKOTAAN,8.92,PERSEN,225,32,3205,KABUPATEN GARUT,LAKI-LAKI,71.77,POIN,08.06,"33,825,000,000,000,000"
468,32,JAWA BARAT,08.06,PERSEN,2022,15,32,SEMESTER I,417,POIN,23,32,PERKOTAAN,8.92,PERSEN,226,32,3205,KABUPATEN GARUT,PEREMPUAN,59.41,POIN,08.06,"33,825,000,000,000,000"
468,32,JAWA BARAT,08.06,PERSEN,2022,15,32,SEMESTER I,417,POIN,23,32,PERKOTAAN,8.92,PERSEN,227,32,3206,KABUPATEN TASIKMALAYA,LAKI-LAKI,71.48,POIN,08.06,"33,825,000,000,000,000"
468,32,JAWA BARAT,08.06,PERSEN,2022,15,32,SEMESTER I,417,POIN,23,32,PERKOTAAN,8.92,PERSEN,228,32,3206,KABUPATEN TASIKMALAYA,PEREMPUAN,61.93,POIN,08.06,"33,825,000,000,000,000"
468,32,JAWA BARAT,08.06,PERSEN,2022,15,32,SEMESTER I,417,POIN,23,32,PERKOTAAN,8.92,PERSEN,229,32,3207,KABUPATEN CIAMIS,LAKI-LAKI,76.7,POIN,08.06,"33,825,000,000,000,000"
468,32,JAWA BARAT,08.06,PERSEN,2022,15,32,SEMESTER I,417,POIN,23,32,PERKOTAAN,8.92,PERSEN,230,32,3207,KABUPATEN CIAMIS,PEREMPUAN,66.76,POIN,08.06,"33,825,000,000,000,000"
468,32,JAWA BARAT,08.06,PERSEN,2022,15,32,SEMESTER I,417,POIN,23,32,PERKOTAAN,8.92,PERSEN,231,32,3208,KABUPATEN KUNINGAN,LAKI-LAKI,75.42,POIN,08.06,"33,825,000,000,000,000"
468,32,JAWA BARAT,08.06,PERSEN,2022,15,32,SEMESTER I,417,POIN,23,32,PERKOTAAN,8.92,PERSEN,232,32,3208,KABUPATEN KUNINGAN,PEREMPUAN,65.74,POIN,08.06,"33,825,000,000,000,000"
468,32,JAWA BARAT,08.06,PERSEN,2022,15,32,SEMESTER I,417,POIN,23,32,PERKOTAAN,8.92,PERSEN,233,32,3209,KABUPATEN CIREBON,LAKI-LAKI,74.68,POIN,08.06,"33,825,000,000,000,000"
468,32,JAWA BARAT,08.06,PERSEN,2022,15,32,SEMESTER I,417,POIN,23,32,PERKOTAAN,8.92,PERSEN,234,32,3209,KABUPATEN CIREBON,PEREMPUAN,62.74,POIN,08.06,"33,825,000,000,000,000"
468,32,JAWA BARAT,08.06,PERSEN,2022,15,32,SEMESTER I,417,POIN,23,32,PERKOTAAN,8.92,PERSEN,235,32,3210,KABUPATEN MAJALENGKA,LAKI-LAKI,72.98,POIN,08.06,"33,825,000,000,000,000"
468,32,JAWA BARAT,08.06,PERSEN,2022,15,32,SEMESTER I,417,POIN,23,32,PERKOTAAN,8.92,PERSEN,236,32,3210,KABUPATEN MAJALENGKA,PEREMPUAN,63.27,POIN,08.06,"33,825,000,000,000,000"
468,32,JAWA BARAT,08.06,PERSEN,2022,15,32,SEMESTER I,417,POIN,23,32,PERKOTAAN,8.92,PERSEN,237,32,3211,KABUPATEN SUMEDANG,LAKI-LAKI,75.96,POIN,08.06,"33,825,000,000,000,000"
468,32,JAWA BARAT,08.06,PERSEN,2022,15,32,SEMESTER I,417,POIN,23,32,PERKOTAAN,8.92,PERSEN,238,32,3211,KABUPATEN SUMEDANG,PEREMPUAN,72.23,POIN,08.06,"33,825,000,000,000,000"
468,32,JAWA BARAT,08.06,PERSEN,2022,15,32,SEMESTER I,417,POIN,23,32,PERKOTAAN,8.92,PERSEN,239,32,3212,KABUPATEN INDRAMAYU,LAKI-LAKI,73.02,POIN,08.06,"33,825,000,000,000,000"
468,32,JAWA BARAT,08.06,PERSEN,2022,15,32,SEMESTER I,417,POIN,23,32,PERKOTAAN,8.92,PERSEN,240,32,3212,KABUPATEN INDRAMAYU,PEREMPUAN,64.38,POIN,08.06,"33,825,000,000,000,000"
468,32,JAWA BARAT,08.06,PERSEN,2022,15,32,SEMESTER I,417,POIN,23,32,PERKOTAAN,8.92,PERSEN,241,32,3213,KABUPATEN SUBANG,LAKI-LAKI,73.69,POIN,08.06,"33,825,000,000,000,000"
468,32,JAWA BARAT,08.06,PERSEN,2022,15,32,SEMESTER I,417,POIN,23,32,PERKOTAAN,8.92,PERSEN,242,32,3213,KABUPATEN SUBANG,PEREMPUAN,67.02,POIN,08.06,"33,825,000,000,000,000"
468,32,JAWA BARAT,08.06,PERSEN,2022,15,32,SEMESTER I,417,POIN,23,32,PERKOTAAN,8.92,PERSEN,243,32,3214,KABUPATEN PURWAKARTA,LAKI-LAKI,76.49,POIN,08.06,"33,825,000,000,000,000"
468,32,JAWA BARAT,08.06,PERSEN,2022,15,32,SEMESTER I,417,POIN,23,32,PERKOTAAN,8.92,PERSEN,244,32,3214,KABUPATEN PURWAKARTA,PEREMPUAN,66.5,POIN,08.06,"33,825,000,000,000,000"
468,32,JAWA BARAT,08.06,PERSEN,2022,15,32,SEMESTER I,417,POIN,23,32,PERKOTAAN,8.92,PERSEN,245,32,3215,KABUPATEN KARAWANG,LAKI-LAKI,75.47,POIN,08.06,"33,825,000,000,000,000"
468,32,JAWA BARAT,08.06,PERSEN,2022,15,32,SEMESTER I,417,POIN,23,32,PERKOTAAN,8.92,PERSEN,246,32,3215,KABUPATEN KARAWANG,PEREMPUAN,68.3,POIN,08.06,"33,825,000,000,000,000"
468,32,JAWA BARAT,08.06,PERSEN,2022,15,32,SEMESTER I,417,POIN,23,32,PERKOTAAN,8.92,PERSEN,247,32,3216,KABUPATEN BEKASI,LAKI-LAKI,79.69,POIN,08.06,"33,825,000,000,000,000"
468,32,JAWA BARAT,08.06,PERSEN,2022,15,32,SEMESTER I,417,POIN,23,32,PERKOTAAN,8.92,PERSEN,248,32,3216,KABUPATEN BEKASI,PEREMPUAN,71.22,POIN,08.06,"33,825,000,000,000,000"
468,32,JAWA BARAT,08.06,PERSEN,2022,15,32,SEMESTER I,417,POIN,23,32,PERKOTAAN,8.92,PERSEN,249,32,3217,KABUPATEN BANDUNG BARAT,LAKI-LAKI,74.15,POIN,08.06,"33,825,000,000,000,000"
468,32,JAWA BARAT,08.06,PERSEN,2022,15,32,SEMESTER I,417,POIN,23,32,PERKOTAAN,8.92,PERSEN,250,32,3217,KABUPATEN BANDUNG BARAT,PEREMPUAN,59.09,POIN,08.06,"33,825,000,000,000,000"
468,32,JAWA BARAT,08.06,PERSEN,2022,15,32,SEMESTER I,417,POIN,23,32,PERKOTAAN,8.92,PERSEN,251,32,3218,KABUPATEN PANGANDARAN,LAKI-LAKI,73.15,POIN,08.06,"33,825,000,000,000,000"
468,32,JAWA BARAT,08.06,PERSEN,2022,15,32,SEMESTER I,417,POIN,23,32,PERKOTAAN,8.92,PERSEN,252,32,3218,KABUPATEN PANGANDARAN,PEREMPUAN,65.98,POIN,08.06,"33,825,000,000,000,000"
468,32,JAWA BARAT,08.06,PERSEN,2022,15,32,SEMESTER I,417,POIN,23,32,PERKOTAAN,8.92,PERSEN,253,32,3271,KOTA BOGOR,LAKI-LAKI,81.77,POIN,08.06,"33,825,000,000,000,000"
468,32,JAWA BARAT,08.06,PERSEN,2022,15,32,SEMESTER I,417,POIN,23,32,PERKOTAAN,8.92,PERSEN,254,32,3271,KOTA BOGOR,PEREMPUAN,74.39,POIN,08.06,"33,825,000,000,000,000"
468,32,JAWA BARAT,08.06,PERSEN,2022,15,32,SEMESTER I,417,POIN,23,32,PERKOTAAN,8.92,PERSEN,255,32,3272,KOTA SUKABUMI,LAKI-LAKI,80.37,POIN,08.06,"33,825,000,000,000,000"
468,32,JAWA BARAT,08.06,PERSEN,2022,15,32,SEMESTER I,417,POIN,23,32,PERKOTAAN,8.92,PERSEN,256,32,3272,KOTA SUKABUMI,PEREMPUAN,73.8,POIN,08.06,"33,825,000,000,000,000"
468,32,JAWA BARAT,08.06,PERSEN,2022,15,32,SEMESTER I,417,POIN,23,32,PERKOTAAN,8.92,PERSEN,257,32,3273,KOTA BANDUNG,LAKI-LAKI,85.88,POIN,08.06,"33,825,000,000,000,000"
468,32,JAWA BARAT,08.06,PERSEN,2022,15,32,SEMESTER I,417,POIN,23,32,PERKOTAAN,8.92,PERSEN,258,32,3273,KOTA BANDUNG,PEREMPUAN,81.42,POIN,08.06,"33,825,000,000,000,000"
468,32,JAWA BARAT,08.06,PERSEN,2022,15,32,SEMESTER I,417,POIN,23,32,PERKOTAAN,8.92,PERSEN,259,32,3274,KOTA CIREBON,LAKI-LAKI,78.92,POIN,08.06,"33,825,000,000,000,000"
468,32,JAWA BARAT,08.06,PERSEN,2022,15,32,SEMESTER I,417,POIN,23,32,PERKOTAAN,8.92,PERSEN,260,32,3274,KOTA CIREBON,PEREMPUAN,74.9,POIN,08.06,"33,825,000,000,000,000"
468,32,JAWA BARAT,08.06,PERSEN,2022,15,32,SEMESTER I,417,POIN,23,32,PERKOTAAN,8.92,PERSEN,261,32,3275,KOTA BEKASI,LAKI-LAKI,86.83,POIN,08.06,"33,825,000,000,000,000"
468,32,JAWA BARAT,08.06,PERSEN,2022,15,32,SEMESTER I,417,POIN,23,32,PERKOTAAN,8.92,PERSEN,262,32,3275,KOTA BEKASI,PEREMPUAN,81.18,POIN,08.06,"33,825,000,000,000,000"
468,32,JAWA BARAT,08.06,PERSEN,2022,15,32,SEMESTER I,417,POIN,23,32,PERKOTAAN,8.92,PERSEN,263,32,3276,KOTA DEPOK,LAKI-LAKI,86.03,POIN,08.06,"33,825,000,000,000,000"
468,32,JAWA BARAT,08.06,PERSEN,2022,15,32,SEMESTER I,417,POIN,23,32,PERKOTAAN,8.92,PERSEN,264,32,3276,KOTA DEPOK,PEREMPUAN,80.41,POIN,08.06,"33,825,000,000,000,000"
468,32,JAWA BARAT,08.06,PERSEN,2022,15,32,SEMESTER I,417,POIN,23,32,PERKOTAAN,8.92,PERSEN,265,32,3277,KOTA CIMAHI,LAKI-LAKI,82.93,POIN,08.06,"33,825,000,000,000,000"
468,32,JAWA BARAT,08.06,PERSEN,2022,15,32,SEMESTER I,417,POIN,23,32,PERKOTAAN,8.92,PERSEN,266,32,3277,KOTA CIMAHI,PEREMPUAN,76.27,POIN,08.06,"33,825,000,000,000,000"
468,32,JAWA BARAT,08.06,PERSEN,2022,15,32,SEMESTER I,417,POIN,23,32,PERKOTAAN,8.92,PERSEN,267,32,3278,KOTA TASIKMALAYA,LAKI-LAKI,76.97,POIN,08.06,"33,825,000,000,000,000"
468,32,JAWA BARAT,08.06,PERSEN,2022,15,32,SEMESTER I,417,POIN,23,32,PERKOTAAN,8.92,PERSEN,268,32,3278,KOTA TASIKMALAYA,PEREMPUAN,70.71,POIN,08.06,"33,825,000,000,000,000"
468,32,JAWA BARAT,08.06,PERSEN,2022,15,32,SEMESTER I,417,POIN,23,32,PERKOTAAN,8.92,PERSEN,269,32,3279,KOTA BANJAR,LAKI-LAKI,77.52,POIN,08.06,"33,825,000,000,000,000"
468,32,JAWA BARAT,08.06,PERSEN,2022,15,32,SEMESTER I,417,POIN,23,32,PERKOTAAN,8.92,PERSEN,270,32,3279,KOTA BANJAR,PEREMPUAN,67.96,POIN,08.06,"33,825,000,000,000,000"
468,32,JAWA BARAT,08.06,PERSEN,2022,15,32,SEMESTER I,417,POIN,24,32,PERDESAAN,6.17,PERSEN,217,32,3201,KABUPATEN BOGOR,LAKI-LAKI,75.91,POIN,08.06,"33,825,000,000,000,000"
468,32,JAWA BARAT,08.06,PERSEN,2022,15,32,SEMESTER I,417,POIN,24,32,PERDESAAN,6.17,PERSEN,218,32,3201,KABUPATEN BOGOR,PEREMPUAN,68.28,POIN,08.06,"33,825,000,000,000,000"
468,32,JAWA BARAT,08.06,PERSEN,2022,15,32,SEMESTER I,417,POIN,24,32,PERDESAAN,6.17,PERSEN,219,32,3202,KABUPATEN SUKABUMI,LAKI-LAKI,72.95,POIN,08.06,"33,825,000,000,000,000"
468,32,JAWA BARAT,08.06,PERSEN,2022,15,32,SEMESTER I,417,POIN,24,32,PERDESAAN,6.17,PERSEN,220,32,3202,KABUPATEN SUKABUMI,PEREMPUAN,63.93,POIN,08.06,"33,825,000,000,000,000"
468,32,JAWA BARAT,08.06,PERSEN,2022,15,32,SEMESTER I,417,POIN,24,32,PERDESAAN,6.17,PERSEN,221,32,3203,KABUPATEN CIANJUR,LAKI-LAKI,70.4,POIN,08.06,"33,825,000,000,000,000"
468,32,JAWA BARAT,08.06,PERSEN,2022,15,32,SEMESTER I,417,POIN,24,32,PERDESAAN,6.17,PERSEN,222,32,3203,KABUPATEN CIANJUR,PEREMPUAN,59.77,POIN,08.06,"33,825,000,000,000,000"
468,32,JAWA BARAT,08.06,PERSEN,2022,15,32,SEMESTER I,417,POIN,24,32,PERDESAAN,6.17,PERSEN,223,32,3204,KABUPATEN BANDUNG,LAKI-LAKI,76.11,POIN,08.06,"33,825,000,000,000,000"
468,32,JAWA BARAT,08.06,PERSEN,2022,15,32,SEMESTER I,417,POIN,24,32,PERDESAAN,6.17,PERSEN,224,32,3204,KABUPATEN BANDUNG,PEREMPUAN,71.52,POIN,08.06,"33,825,000,000,000,000"
468,32,JAWA BARAT,08.06,PERSEN,2022,15,32,SEMESTER I,417,POIN,24,32,PERDESAAN,6.17,PERSEN,225,32,3205,KABUPATEN GARUT,LAKI-LAKI,71.77,POIN,08.06,"33,825,000,000,000,000"
468,32,JAWA BARAT,08.06,PERSEN,2022,15,32,SEMESTER I,417,POIN,24,32,PERDESAAN,6.17,PERSEN,226,32,3205,KABUPATEN GARUT,PEREMPUAN,59.41,POIN,08.06,"33,825,000,000,000,000"
468,32,JAWA BARAT,08.06,PERSEN,2022,15,32,SEMESTER I,417,POIN,24,32,PERDESAAN,6.17,PERSEN,227,32,3206,KABUPATEN TASIKMALAYA,LAKI-LAKI,71.48,POIN,08.06,"33,825,000,000,000,000"
468,32,JAWA BARAT,08.06,PERSEN,2022,15,32,SEMESTER I,417,POIN,24,32,PERDESAAN,6.17,PERSEN,228,32,3206,KABUPATEN TASIKMALAYA,PEREMPUAN,61.93,POIN,08.06,"33,825,000,000,000,000"
468,32,JAWA BARAT,08.06,PERSEN,2022,15,32,SEMESTER I,417,POIN,24,32,PERDESAAN,6.17,PERSEN,229,32,3207,KABUPATEN CIAMIS,LAKI-LAKI,76.7,POIN,08.06,"33,825,000,000,000,000"
468,32,JAWA BARAT,08.06,PERSEN,2022,15,32,SEMESTER I,417,POIN,24,32,PERDESAAN,6.17,PERSEN,230,32,3207,KABUPATEN CIAMIS,PEREMPUAN,66.76,POIN,08.06,"33,825,000,000,000,000"
468,32,JAWA BARAT,08.06,PERSEN,2022,15,32,SEMESTER I,417,POIN,24,32,PERDESAAN,6.17,PERSEN,231,32,3208,KABUPATEN KUNINGAN,LAKI-LAKI,75.42,POIN,08.06,"33,825,000,000,000,000"
468,32,JAWA BARAT,08.06,PERSEN,2022,15,32,SEMESTER I,417,POIN,24,32,PERDESAAN,6.17,PERSEN,232,32,3208,KABUPATEN KUNINGAN,PEREMPUAN,65.74,POIN,08.06,"33,825,000,000,000,000"
468,32,JAWA BARAT,08.06,PERSEN,2022,15,32,SEMESTER I,417,POIN,24,32,PERDESAAN,6.17,PERSEN,233,32,3209,KABUPATEN CIREBON,LAKI-LAKI,74.68,POIN,08.06,"33,825,000,000,000,000"
468,32,JAWA BARAT,08.06,PERSEN,2022,15,32,SEMESTER I,417,POIN,24,32,PERDESAAN,6.17,PERSEN,234,32,3209,KABUPATEN CIREBON,PEREMPUAN,62.74,POIN,08.06,"33,825,000,000,000,000"
468,32,JAWA BARAT,08.06,PERSEN,2022,15,32,SEMESTER I,417,POIN,24,32,PERDESAAN,6.17,PERSEN,235,32,3210,KABUPATEN MAJALENGKA,LAKI-LAKI,72.98,POIN,08.06,"33,825,000,000,000,000"
468,32,JAWA BARAT,08.06,PERSEN,2022,15,32,SEMESTER I,417,POIN,24,32,PERDESAAN,6.17,PERSEN,236,32,3210,KABUPATEN MAJALENGKA,PEREMPUAN,63.27,POIN,08.06,"33,825,000,000,000,000"
468,32,JAWA BARAT,08.06,PERSEN,2022,15,32,SEMESTER I,417,POIN,24,32,PERDESAAN,6.17,PERSEN,237,32,3211,KABUPATEN SUMEDANG,LAKI-LAKI,75.96,POIN,08.06,"33,825,000,000,000,000"
468,32,JAWA BARAT,08.06,PERSEN,2022,15,32,SEMESTER I,417,POIN,24,32,PERDESAAN,6.17,PERSEN,238,32,3211,KABUPATEN SUMEDANG,PEREMPUAN,72.23,POIN,08.06,"33,825,000,000,000,000"
468,32,JAWA BARAT,08.06,PERSEN,2022,15,32,SEMESTER I,417,POIN,24,32,PERDESAAN,6.17,PERSEN,239,32,3212,KABUPATEN INDRAMAYU,LAKI-LAKI,73.02,POIN,08.06,"33,825,000,000,000,000"
468,32,JAWA BARAT,08.06,PERSEN,2022,15,32,SEMESTER I,417,POIN,24,32,PERDESAAN,6.17,PERSEN,240,32,3212,KABUPATEN INDRAMAYU,PEREMPUAN,64.38,POIN,08.06,"33,825,000,000,000,000"
468,32,JAWA BARAT,08.06,PERSEN,2022,15,32,SEMESTER I,417,POIN,24,32,PERDESAAN,6.17,PERSEN,241,32,3213,KABUPATEN SUBANG,LAKI-LAKI,73.69,POIN,08.06,"33,825,000,000,000,000"
468,32,JAWA BARAT,08.06,PERSEN,2022,15,32,SEMESTER I,417,POIN,24,32,PERDESAAN,6.17,PERSEN,242,32,3213,KABUPATEN SUBANG,PEREMPUAN,67.02,POIN,08.06,"33,825,000,000,000,000"
468,32,JAWA BARAT,08.06,PERSEN,2022,15,32,SEMESTER I,417,POIN,24,32,PERDESAAN,6.17,PERSEN,243,32,3214,KABUPATEN PURWAKARTA,LAKI-LAKI,76.49,POIN,08.06,"33,825,000,000,000,000"
468,32,JAWA BARAT,08.06,PERSEN,2022,15,32,SEMESTER I,417,POIN,24,32,PERDESAAN,6.17,PERSEN,244,32,3214,KABUPATEN PURWAKARTA,PEREMPUAN,66.5,POIN,08.06,"33,825,000,000,000,000"
468,32,JAWA BARAT,08.06,PERSEN,2022,15,32,SEMESTER I,417,POIN,24,32,PERDESAAN,6.17,PERSEN,245,32,3215,KABUPATEN KARAWANG,LAKI-LAKI,75.47,POIN,08.06,"33,825,000,000,000,000"
468,32,JAWA BARAT,08.06,PERSEN,2022,15,32,SEMESTER I,417,POIN,24,32,PERDESAAN,6.17,PERSEN,246,32,3215,KABUPATEN KARAWANG,PEREMPUAN,68.3,POIN,08.06,"33,825,000,000,000,000"
468,32,JAWA BARAT,08.06,PERSEN,2022,15,32,SEMESTER I,417,POIN,24,32,PERDESAAN,6.17,PERSEN,247,32,3216,KABUPATEN BEKASI,LAKI-LAKI,79.69,POIN,08.06,"33,825,000,000,000,000"
468,32,JAWA BARAT,08.06,PERSEN,2022,15,32,SEMESTER I,417,POIN,24,32,PERDESAAN,6.17,PERSEN,248,32,3216,KABUPATEN BEKASI,PEREMPUAN,71.22,POIN,08.06,"33,825,000,000,000,000"
468,32,JAWA BARAT,08.06,PERSEN,2022,15,32,SEMESTER I,417,POIN,24,32,PERDESAAN,6.17,PERSEN,249,32,3217,KABUPATEN BANDUNG BARAT,LAKI-LAKI,74.15,POIN,08.06,"33,825,000,000,000,000"
468,32,JAWA BARAT,08.06,PERSEN,2022,15,32,SEMESTER I,417,POIN,24,32,PERDESAAN,6.17,PERSEN,250,32,3217,KABUPATEN BANDUNG BARAT,PEREMPUAN,59.09,POIN,08.06,"33,825,000,000,000,000"
468,32,JAWA BARAT,08.06,PERSEN,2022,15,32,SEMESTER I,417,POIN,24,32,PERDESAAN,6.17,PERSEN,251,32,3218,KABUPATEN PANGANDARAN,LAKI-LAKI,73.15,POIN,08.06,"33,825,000,000,000,000"
468,32,JAWA BARAT,08.06,PERSEN,2022,15,32,SEMESTER I,417,POIN,24,32,PERDESAAN,6.17,PERSEN,252,32,3218,KABUPATEN PANGANDARAN,PEREMPUAN,65.98,POIN,08.06,"33,825,000,000,000,000"
468,32,JAWA BARAT,08.06,PERSEN,2022,15,32,SEMESTER I,417,POIN,24,32,PERDESAAN,6.17,PERSEN,253,32,3271,KOTA BOGOR,LAKI-LAKI,81.77,POIN,08.06,"33,825,000,000,000,000"
468,32,JAWA BARAT,08.06,PERSEN,2022,15,32,SEMESTER I,417,POIN,24,32,PERDESAAN,6.17,PERSEN,254,32,3271,KOTA BOGOR,PEREMPUAN,74.39,POIN,08.06,"33,825,000,000,000,000"
468,32,JAWA BARAT,08.06,PERSEN,2022,15,32,SEMESTER I,417,POIN,24,32,PERDESAAN,6.17,PERSEN,255,32,3272,KOTA SUKABUMI,LAKI-LAKI,80.37,POIN,08.06,"33,825,000,000,000,000"
468,32,JAWA BARAT,08.06,PERSEN,2022,15,32,SEMESTER I,417,POIN,24,32,PERDESAAN,6.17,PERSEN,256,32,3272,KOTA SUKABUMI,PEREMPUAN,73.8,POIN,08.06,"33,825,000,000,000,000"
468,32,JAWA BARAT,08.06,PERSEN,2022,15,32,SEMESTER I,417,POIN,24,32,PERDESAAN,6.17,PERSEN,257,32,3273,KOTA BANDUNG,LAKI-LAKI,85.88,POIN,08.06,"33,825,000,000,000,000"
468,32,JAWA BARAT,08.06,PERSEN,2022,15,32,SEMESTER I,417,POIN,24,32,PERDESAAN,6.17,PERSEN,258,32,3273,KOTA BANDUNG,PEREMPUAN,81.42,POIN,08.06,"33,825,000,000,000,000"
468,32,JAWA BARAT,08.06,PERSEN,2022,15,32,SEMESTER I,417,POIN,24,32,PERDESAAN,6.17,PERSEN,259,32,3274,KOTA CIREBON,LAKI-LAKI,78.92,POIN,08.06,"33,825,000,000,000,000"
468,32,JAWA BARAT,08.06,PERSEN,2022,15,32,SEMESTER I,417,POIN,24,32,PERDESAAN,6.17,PERSEN,260,32,3274,KOTA CIREBON,PEREMPUAN,74.9,POIN,08.06,"33,825,000,000,000,000"
468,32,JAWA BARAT,08.06,PERSEN,2022,15,32,SEMESTER I,417,POIN,24,32,PERDESAAN,6.17,PERSEN,261,32,3275,KOTA BEKASI,LAKI-LAKI,86.83,POIN,08.06,"33,825,000,000,000,000"
468,32,JAWA BARAT,08.06,PERSEN,2022,15,32,SEMESTER I,417,POIN,24,32,PERDESAAN,6.17,PERSEN,262,32,3275,KOTA BEKASI,PEREMPUAN,81.18,POIN,08.06,"33,825,000,000,000,000"
468,32,JAWA BARAT,08.06,PERSEN,2022,15,32,SEMESTER I,417,POIN,24,32,PERDESAAN,6.17,PERSEN,263,32,3276,KOTA DEPOK,LAKI-LAKI,86.03,POIN,08.06,"33,825,000,000,000,000"
468,32,JAWA BARAT,08.06,PERSEN,2022,15,32,SEMESTER I,417,POIN,24,32,PERDESAAN,6.17,PERSEN,264,32,3276,KOTA DEPOK,PEREMPUAN,80.41,POIN,08.06,"33,825,000,000,000,000"
468,32,JAWA BARAT,08.06,PERSEN,2022,15,32,SEMESTER I,417,POIN,24,32,PERDESAAN,6.17,PERSEN,265,32,3277,KOTA CIMAHI,LAKI-LAKI,82.93,POIN,08.06,"33,825,000,000,000,000"
468,32,JAWA BARAT,08.06,PERSEN,2022,15,32,SEMESTER I,417,POIN,24,32,PERDESAAN,6.17,PERSEN,266,32,3277,KOTA CIMAHI,PEREMPUAN,76.27,POIN,08.06,"33,825,000,000,000,000"
468,32,JAWA BARAT,08.06,PERSEN,2022,15,32,SEMESTER I,417,POIN,24,32,PERDESAAN,6.17,PERSEN,267,32,3278,KOTA TASIKMALAYA,LAKI-LAKI,76.97,POIN,08.06,"33,825,000,000,000,000"
468,32,JAWA BARAT,08.06,PERSEN,2022,15,32,SEMESTER I,417,POIN,24,32,PERDESAAN,6.17,PERSEN,268,32,3278,KOTA TASIKMALAYA,PEREMPUAN,70.71,POIN,08.06,"33,825,000,000,000,000"
468,32,JAWA BARAT,08.06,PERSEN,2022,15,32,SEMESTER I,417,POIN,24,32,PERDESAAN,6.17,PERSEN,269,32,3279,KOTA BANJAR,LAKI-LAKI,77.52,POIN,08.06,"33,825,000,000,000,000"
468,32,JAWA BARAT,08.06,PERSEN,2022,15,32,SEMESTER I,417,POIN,24,32,PERDESAAN,6.17,PERSEN,270,32,3279,KOTA BANJAR,PEREMPUAN,67.96,POIN,08.06,"33,825,000,000,000,000"
468,32,JAWA BARAT,08.06,PERSEN,2022,16,32,SEMESTER II,412,POIN,23,32,PERKOTAAN,8.92,PERSEN,217,32,3201,KABUPATEN BOGOR,LAKI-LAKI,75.91,POIN,08.06,"33,825,000,000,000,000"
468,32,JAWA BARAT,08.06,PERSEN,2022,16,32,SEMESTER II,412,POIN,23,32,PERKOTAAN,8.92,PERSEN,218,32,3201,KABUPATEN BOGOR,PEREMPUAN,68.28,POIN,08.06,"33,825,000,000,000,000"
468,32,JAWA BARAT,08.06,PERSEN,2022,16,32,SEMESTER II,412,POIN,23,32,PERKOTAAN,8.92,PERSEN,219,32,3202,KABUPATEN SUKABUMI,LAKI-LAKI,72.95,POIN,08.06,"33,825,000,000,000,000"
468,32,JAWA BARAT,08.06,PERSEN,2022,16,32,SEMESTER II,412,POIN,23,32,PERKOTAAN,8.92,PERSEN,220,32,3202,KABUPATEN SUKABUMI,PEREMPUAN,63.93,POIN,08.06,"33,825,000,000,000,000"
468,32,JAWA BARAT,08.06,PERSEN,2022,16,32,SEMESTER II,412,POIN,23,32,PERKOTAAN,8.92,PERSEN,221,32,3203,KABUPATEN CIANJUR,LAKI-LAKI,70.4,POIN,08.06,"33,825,000,000,000,000"
468,32,JAWA BARAT,08.06,PERSEN,2022,16,32,SEMESTER II,412,POIN,23,32,PERKOTAAN,8.92,PERSEN,222,32,3203,KABUPATEN CIANJUR,PEREMPUAN,59.77,POIN,08.06,"33,825,000,000,000,000"
468,32,JAWA BARAT,08.06,PERSEN,2022,16,32,SEMESTER II,412,POIN,23,32,PERKOTAAN,8.92,PERSEN,223,32,3204,KABUPATEN BANDUNG,LAKI-LAKI,76.11,POIN,08.06,"33,825,000,000,000,000"
468,32,JAWA BARAT,08.06,PERSEN,2022,16,32,SEMESTER II,412,POIN,23,32,PERKOTAAN,8.92,PERSEN,224,32,3204,KABUPATEN BANDUNG,PEREMPUAN,71.52,POIN,08.06,"33,825,000,000,000,000"
468,32,JAWA BARAT,08.06,PERSEN,2022,16,32,SEMESTER II,412,POIN,23,32,PERKOTAAN,8.92,PERSEN,225,32,3205,KABUPATEN GARUT,LAKI-LAKI,71.77,POIN,08.06,"33,825,000,000,000,000"
468,32,JAWA BARAT,08.06,PERSEN,2022,16,32,SEMESTER II,412,POIN,23,32,PERKOTAAN,8.92,PERSEN,226,32,3205,KABUPATEN GARUT,PEREMPUAN,59.41,POIN,08.06,"33,825,000,000,000,000"
468,32,JAWA BARAT,08.06,PERSEN,2022,16,32,SEMESTER II,412,POIN,23,32,PERKOTAAN,8.92,PERSEN,227,32,3206,KABUPATEN TASIKMALAYA,LAKI-LAKI,71.48,POIN,08.06,"33,825,000,000,000,000"
468,32,JAWA BARAT,08.06,PERSEN,2022,16,32,SEMESTER II,412,POIN,23,32,PERKOTAAN,8.92,PERSEN,228,32,3206,KABUPATEN TASIKMALAYA,PEREMPUAN,61.93,POIN,08.06,"33,825,000,000,000,000"
468,32,JAWA BARAT,08.06,PERSEN,2022,16,32,SEMESTER II,412,POIN,23,32,PERKOTAAN,8.92,PERSEN,229,32,3207,KABUPATEN CIAMIS,LAKI-LAKI,76.7,POIN,08.06,"33,825,000,000,000,000"
468,32,JAWA BARAT,08.06,PERSEN,2022,16,32,SEMESTER II,412,POIN,23,32,PERKOTAAN,8.92,PERSEN,230,32,3207,KABUPATEN CIAMIS,PEREMPUAN,66.76,POIN,08.06,"33,825,000,000,000,000"
468,32,JAWA BARAT,08.06,PERSEN,2022,16,32,SEMESTER II,412,POIN,23,32,PERKOTAAN,8.92,PERSEN,231,32,3208,KABUPATEN KUNINGAN,LAKI-LAKI,75.42,POIN,08.06,"33,825,000,000,000,000"
468,32,JAWA BARAT,08.06,PERSEN,2022,16,32,SEMESTER II,412,POIN,23,32,PERKOTAAN,8.92,PERSEN,232,32,3208,KABUPATEN KUNINGAN,PEREMPUAN,65.74,POIN,08.06,"33,825,000,000,000,000"
468,32,JAWA BARAT,08.06,PERSEN,2022,16,32,SEMESTER II,412,POIN,23,32,PERKOTAAN,8.92,PERSEN,233,32,3209,KABUPATEN CIREBON,LAKI-LAKI,74.68,POIN,08.06,"33,825,000,000,000,000"
468,32,JAWA BARAT,08.06,PERSEN,2022,16,32,SEMESTER II,412,POIN,23,32,PERKOTAAN,8.92,PERSEN,234,32,3209,KABUPATEN CIREBON,PEREMPUAN,62.74,POIN,08.06,"33,825,000,000,000,000"
468,32,JAWA BARAT,08.06,PERSEN,2022,16,32,SEMESTER II,412,POIN,23,32,PERKOTAAN,8.92,PERSEN,235,32,3210,KABUPATEN MAJALENGKA,LAKI-LAKI,72.98,POIN,08.06,"33,825,000,000,000,000"
468,32,JAWA BARAT,08.06,PERSEN,2022,16,32,SEMESTER II,412,POIN,23,32,PERKOTAAN,8.92,PERSEN,236,32,3210,KABUPATEN MAJALENGKA,PEREMPUAN,63.27,POIN,08.06,"33,825,000,000,000,000"
468,32,JAWA BARAT,08.06,PERSEN,2022,16,32,SEMESTER II,412,POIN,23,32,PERKOTAAN,8.92,PERSEN,237,32,3211,KABUPATEN SUMEDANG,LAKI-LAKI,75.96,POIN,08.06,"33,825,000,000,000,000"
468,32,JAWA BARAT,08.06,PERSEN,2022,16,32,SEMESTER II,412,POIN,23,32,PERKOTAAN,8.92,PERSEN,238,32,3211,KABUPATEN SUMEDANG,PEREMPUAN,72.23,POIN,08.06,"33,825,000,000,000,000"
468,32,JAWA BARAT,08.06,PERSEN,2022,16,32,SEMESTER II,412,POIN,23,32,PERKOTAAN,8.92,PERSEN,239,32,3212,KABUPATEN INDRAMAYU,LAKI-LAKI,73.02,POIN,08.06,"33,825,000,000,000,000"
468,32,JAWA BARAT,08.06,PERSEN,2022,16,32,SEMESTER II,412,POIN,23,32,PERKOTAAN,8.92,PERSEN,240,32,3212,KABUPATEN INDRAMAYU,PEREMPUAN,64.38,POIN,08.06,"33,825,000,000,000,000"
468,32,JAWA BARAT,08.06,PERSEN,2022,16,32,SEMESTER II,412,POIN,23,32,PERKOTAAN,8.92,PERSEN,241,32,3213,KABUPATEN SUBANG,LAKI-LAKI,73.69,POIN,08.06,"33,825,000,000,000,000"
468,32,JAWA BARAT,08.06,PERSEN,2022,16,32,SEMESTER II,412,POIN,23,32,PERKOTAAN,8.92,PERSEN,242,32,3213,KABUPATEN SUBANG,PEREMPUAN,67.02,POIN,08.06,"33,825,000,000,000,000"
468,32,JAWA BARAT,08.06,PERSEN,2022,16,32,SEMESTER II,412,POIN,23,32,PERKOTAAN,8.92,PERSEN,243,32,3214,KABUPATEN PURWAKARTA,LAKI-LAKI,76.49,POIN,08.06,"33,825,000,000,000,000"
468,32,JAWA BARAT,08.06,PERSEN,2022,16,32,SEMESTER II,412,POIN,23,32,PERKOTAAN,8.92,PERSEN,244,32,3214,KABUPATEN PURWAKARTA,PEREMPUAN,66.5,POIN,08.06,"33,825,000,000,000,000"
468,32,JAWA BARAT,08.06,PERSEN,2022,16,32,SEMESTER II,412,POIN,23,32,PERKOTAAN,8.92,PERSEN,245,32,3215,KABUPATEN KARAWANG,LAKI-LAKI,75.47,POIN,08.06,"33,825,000,000,000,000"
468,32,JAWA BARAT,08.06,PERSEN,2022,16,32,SEMESTER II,412,POIN,23,32,PERKOTAAN,8.92,PERSEN,246,32,3215,KABUPATEN KARAWANG,PEREMPUAN,68.3,POIN,08.06,"33,825,000,000,000,000"
468,32,JAWA BARAT,08.06,PERSEN,2022,16,32,SEMESTER II,412,POIN,23,32,PERKOTAAN,8.92,PERSEN,247,32,3216,KABUPATEN BEKASI,LAKI-LAKI,79.69,POIN,08.06,"33,825,000,000,000,000"
468,32,JAWA BARAT,08.06,PERSEN,2022,16,32,SEMESTER II,412,POIN,23,32,PERKOTAAN,8.92,PERSEN,248,32,3216,KABUPATEN BEKASI,PEREMPUAN,71.22,POIN,08.06,"33,825,000,000,000,000"
468,32,JAWA BARAT,08.06,PERSEN,2022,16,32,SEMESTER II,412,POIN,23,32,PERKOTAAN,8.92,PERSEN,249,32,3217,KABUPATEN BANDUNG BARAT,LAKI-LAKI,74.15,POIN,08.06,"33,825,000,000,000,000"
468,32,JAWA BARAT,08.06,PERSEN,2022,16,32,SEMESTER II,412,POIN,23,32,PERKOTAAN,8.92,PERSEN,250,32,3217,KABUPATEN BANDUNG BARAT,PEREMPUAN,59.09,POIN,08.06,"33,825,000,000,000,000"
468,32,JAWA BARAT,08.06,PERSEN,2022,16,32,SEMESTER II,412,POIN,23,32,PERKOTAAN,8.92,PERSEN,251,32,3218,KABUPATEN PANGANDARAN,LAKI-LAKI,73.15,POIN,08.06,"33,825,000,000,000,000"
468,32,JAWA BARAT,08.06,PERSEN,2022,16,32,SEMESTER II,412,POIN,23,32,PERKOTAAN,8.92,PERSEN,252,32,3218,KABUPATEN PANGANDARAN,PEREMPUAN,65.98,POIN,08.06,"33,825,000,000,000,000"
468,32,JAWA BARAT,08.06,PERSEN,2022,16,32,SEMESTER II,412,POIN,23,32,PERKOTAAN,8.92,PERSEN,253,32,3271,KOTA BOGOR,LAKI-LAKI,81.77,POIN,08.06,"33,825,000,000,000,000"
468,32,JAWA BARAT,08.06,PERSEN,2022,16,32,SEMESTER II,412,POIN,23,32,PERKOTAAN,8.92,PERSEN,254,32,3271,KOTA BOGOR,PEREMPUAN,74.39,POIN,08.06,"33,825,000,000,000,000"
468,32,JAWA BARAT,08.06,PERSEN,2022,16,32,SEMESTER II,412,POIN,23,32,PERKOTAAN,8.92,PERSEN,255,32,3272,KOTA SUKABUMI,LAKI-LAKI,80.37,POIN,08.06,"33,825,000,000,000,000"
468,32,JAWA BARAT,08.06,PERSEN,2022,16,32,SEMESTER II,412,POIN,23,32,PERKOTAAN,8.92,PERSEN,256,32,3272,KOTA SUKABUMI,PEREMPUAN,73.8,POIN,08.06,"33,825,000,000,000,000"
468,32,JAWA BARAT,08.06,PERSEN,2022,16,32,SEMESTER II,412,POIN,23,32,PERKOTAAN,8.92,PERSEN,257,32,3273,KOTA BANDUNG,LAKI-LAKI,85.88,POIN,08.06,"33,825,000,000,000,000"
468,32,JAWA BARAT,08.06,PERSEN,2022,16,32,SEMESTER II,412,POIN,23,32,PERKOTAAN,8.92,PERSEN,258,32,3273,KOTA BANDUNG,PEREMPUAN,81.42,POIN,08.06,"33,825,000,000,000,000"
468,32,JAWA BARAT,08.06,PERSEN,2022,16,32,SEMESTER II,412,POIN,23,32,PERKOTAAN,8.92,PERSEN,259,32,3274,KOTA CIREBON,LAKI-LAKI,78.92,POIN,08.06,"33,825,000,000,000,000"
468,32,JAWA BARAT,08.06,PERSEN,2022,16,32,SEMESTER II,412,POIN,23,32,PERKOTAAN,8.92,PERSEN,260,32,3274,KOTA CIREBON,PEREMPUAN,74.9,POIN,08.06,"33,825,000,000,000,000"
468,32,JAWA BARAT,08.06,PERSEN,2022,16,32,SEMESTER II,412,POIN,23,32,PERKOTAAN,8.92,PERSEN,261,32,3275,KOTA BEKASI,LAKI-LAKI,86.83,POIN,08.06,"33,825,000,000,000,000"
468,32,JAWA BARAT,08.06,PERSEN,2022,16,32,SEMESTER II,412,POIN,23,32,PERKOTAAN,8.92,PERSEN,262,32,3275,KOTA BEKASI,PEREMPUAN,81.18,POIN,08.06,"33,825,000,000,000,000"
468,32,JAWA BARAT,08.06,PERSEN,2022,16,32,SEMESTER II,412,POIN,23,32,PERKOTAAN,8.92,PERSEN,263,32,3276,KOTA DEPOK,LAKI-LAKI,86.03,POIN,08.06,"33,825,000,000,000,000"
468,32,JAWA BARAT,08.06,PERSEN,2022,16,32,SEMESTER II,412,POIN,23,32,PERKOTAAN,8.92,PERSEN,264,32,3276,KOTA DEPOK,PEREMPUAN,80.41,POIN,08.06,"33,825,000,000,000,000"
468,32,JAWA BARAT,08.06,PERSEN,2022,16,32,SEMESTER II,412,POIN,23,32,PERKOTAAN,8.92,PERSEN,265,32,3277,KOTA CIMAHI,LAKI-LAKI,82.93,POIN,08.06,"33,825,000,000,000,000"
468,32,JAWA BARAT,08.06,PERSEN,2022,16,32,SEMESTER II,412,POIN,23,32,PERKOTAAN,8.92,PERSEN,266,32,3277,KOTA CIMAHI,PEREMPUAN,76.27,POIN,08.06,"33,825,000,000,000,000"
468,32,JAWA BARAT,08.06,PERSEN,2022,16,32,SEMESTER II,412,POIN,23,32,PERKOTAAN,8.92,PERSEN,267,32,3278,KOTA TASIKMALAYA,LAKI-LAKI,76.97,POIN,08.06,"33,825,000,000,000,000"
468,32,JAWA BARAT,08.06,PERSEN,2022,16,32,SEMESTER II,412,POIN,23,32,PERKOTAAN,8.92,PERSEN,268,32,3278,KOTA TASIKMALAYA,PEREMPUAN,70.71,POIN,08.06,"33,825,000,000,000,000"
468,32,JAWA BARAT,08.06,PERSEN,2022,16,32,SEMESTER II,412,POIN,23,32,PERKOTAAN,8.92,PERSEN,269,32,3279,KOTA BANJAR,LAKI-LAKI,77.52,POIN,08.06,"33,825,000,000,000,000"
468,32,JAWA BARAT,08.06,PERSEN,2022,16,32,SEMESTER II,412,POIN,23,32,PERKOTAAN,8.92,PERSEN,270,32,3279,KOTA BANJAR,PEREMPUAN,67.96,POIN,08.06,"33,825,000,000,000,000"
468,32,JAWA BARAT,08.06,PERSEN,2022,16,32,SEMESTER II,412,POIN,24,32,PERDESAAN,6.17,PERSEN,217,32,3201,KABUPATEN BOGOR,LAKI-LAKI,75.91,POIN,08.06,"33,825,000,000,000,000"
468,32,JAWA BARAT,08.06,PERSEN,2022,16,32,SEMESTER II,412,POIN,24,32,PERDESAAN,6.17,PERSEN,218,32,3201,KABUPATEN BOGOR,PEREMPUAN,68.28,POIN,08.06,"33,825,000,000,000,000"
468,32,JAWA BARAT,08.06,PERSEN,2022,16,32,SEMESTER II,412,POIN,24,32,PERDESAAN,6.17,PERSEN,219,32,3202,KABUPATEN SUKABUMI,LAKI-LAKI,72.95,POIN,08.06,"33,825,000,000,000,000"
468,32,JAWA BARAT,08.06,PERSEN,2022,16,32,SEMESTER II,412,POIN,24,32,PERDESAAN,6.17,PERSEN,220,32,3202,KABUPATEN SUKABUMI,PEREMPUAN,63.93,POIN,08.06,"33,825,000,000,000,000"
468,32,JAWA BARAT,08.06,PERSEN,2022,16,32,SEMESTER II,412,POIN,24,32,PERDESAAN,6.17,PERSEN,221,32,3203,KABUPATEN CIANJUR,LAKI-LAKI,70.4,POIN,08.06,"33,825,000,000,000,000"
468,32,JAWA BARAT,08.06,PERSEN,2022,16,32,SEMESTER II,412,POIN,24,32,PERDESAAN,6.17,PERSEN,222,32,3203,KABUPATEN CIANJUR,PEREMPUAN,59.77,POIN,08.06,"33,825,000,000,000,000"
468,32,JAWA BARAT,08.06,PERSEN,2022,16,32,SEMESTER II,412,POIN,24,32,PERDESAAN,6.17,PERSEN,223,32,3204,KABUPATEN BANDUNG,LAKI-LAKI,76.11,POIN,08.06,"33,825,000,000,000,000"
468,32,JAWA BARAT,08.06,PERSEN,2022,16,32,SEMESTER II,412,POIN,24,32,PERDESAAN,6.17,PERSEN,224,32,3204,KABUPATEN BANDUNG,PEREMPUAN,71.52,POIN,08.06,"33,825,000,000,000,000"
468,32,JAWA BARAT,08.06,PERSEN,2022,16,32,SEMESTER II,412,POIN,24,32,PERDESAAN,6.17,PERSEN,225,32,3205,KABUPATEN GARUT,LAKI-LAKI,71.77,POIN,08.06,"33,825,000,000,000,000"
468,32,JAWA BARAT,08.06,PERSEN,2022,16,32,SEMESTER II,412,POIN,24,32,PERDESAAN,6.17,PERSEN,226,32,3205,KABUPATEN GARUT,PEREMPUAN,59.41,POIN,08.06,"33,825,000,000,000,000"
468,32,JAWA BARAT,08.06,PERSEN,2022,16,32,SEMESTER II,412,POIN,24,32,PERDESAAN,6.17,PERSEN,227,32,3206,KABUPATEN TASIKMALAYA,LAKI-LAKI,71.48,POIN,08.06,"33,825,000,000,000,000"
468,32,JAWA BARAT,08.06,PERSEN,2022,16,32,SEMESTER II,412,POIN,24,32,PERDESAAN,6.17,PERSEN,228,32,3206,KABUPATEN TASIKMALAYA,PEREMPUAN,61.93,POIN,08.06,"33,825,000,000,000,000"
468,32,JAWA BARAT,08.06,PERSEN,2022,16,32,SEMESTER II,412,POIN,24,32,PERDESAAN,6.17,PERSEN,229,32,3207,KABUPATEN CIAMIS,LAKI-LAKI,76.7,POIN,08.06,"33,825,000,000,000,000"
468,32,JAWA BARAT,08.06,PERSEN,2022,16,32,SEMESTER II,412,POIN,24,32,PERDESAAN,6.17,PERSEN,230,32,3207,KABUPATEN CIAMIS,PEREMPUAN,66.76,POIN,08.06,"33,825,000,000,000,000"
468,32,JAWA BARAT,08.06,PERSEN,2022,16,32,SEMESTER II,412,POIN,24,32,PERDESAAN,6.17,PERSEN,231,32,3208,KABUPATEN KUNINGAN,LAKI-LAKI,75.42,POIN,08.06,"33,825,000,000,000,000"
468,32,JAWA BARAT,08.06,PERSEN,2022,16,32,SEMESTER II,412,POIN,24,32,PERDESAAN,6.17,PERSEN,232,32,3208,KABUPATEN KUNINGAN,PEREMPUAN,65.74,POIN,08.06,"33,825,000,000,000,000"
468,32,JAWA BARAT,08.06,PERSEN,2022,16,32,SEMESTER II,412,POIN,24,32,PERDESAAN,6.17,PERSEN,233,32,3209,KABUPATEN CIREBON,LAKI-LAKI,74.68,POIN,08.06,"33,825,000,000,000,000"
468,32,JAWA BARAT,08.06,PERSEN,2022,16,32,SEMESTER II,412,POIN,24,32,PERDESAAN,6.17,PERSEN,234,32,3209,KABUPATEN CIREBON,PEREMPUAN,62.74,POIN,08.06,"33,825,000,000,000,000"
468,32,JAWA BARAT,08.06,PERSEN,2022,16,32,SEMESTER II,412,POIN,24,32,PERDESAAN,6.17,PERSEN,235,32,3210,KABUPATEN MAJALENGKA,LAKI-LAKI,72.98,POIN,08.06,"33,825,000,000,000,000"
468,32,JAWA BARAT,08.06,PERSEN,2022,16,32,SEMESTER II,412,POIN,24,32,PERDESAAN,6.17,PERSEN,236,32,3210,KABUPATEN MAJALENGKA,PEREMPUAN,63.27,POIN,08.06,"33,825,000,000,000,000"
468,32,JAWA BARAT,08.06,PERSEN,2022,16,32,SEMESTER II,412,POIN,24,32,PERDESAAN,6.17,PERSEN,237,32,3211,KABUPATEN SUMEDANG,LAKI-LAKI,75.96,POIN,08.06,"33,825,000,000,000,000"
468,32,JAWA BARAT,08.06,PERSEN,2022,16,32,SEMESTER II,412,POIN,24,32,PERDESAAN,6.17,PERSEN,238,32,3211,KABUPATEN SUMEDANG,PEREMPUAN,72.23,POIN,08.06,"33,825,000,000,000,000"
468,32,JAWA BARAT,08.06,PERSEN,2022,16,32,SEMESTER II,412,POIN,24,32,PERDESAAN,6.17,PERSEN,239,32,3212,KABUPATEN INDRAMAYU,LAKI-LAKI,73.02,POIN,08.06,"33,825,000,000,000,000"
468,32,JAWA BARAT,08.06,PERSEN,2022,16,32,SEMESTER II,412,POIN,24,32,PERDESAAN,6.17,PERSEN,240,32,3212,KABUPATEN INDRAMAYU,PEREMPUAN,64.38,POIN,08.06,"33,825,000,000,000,000"
468,32,JAWA BARAT,08.06,PERSEN,2022,16,32,SEMESTER II,412,POIN,24,32,PERDESAAN,6.17,PERSEN,241,32,3213,KABUPATEN SUBANG,LAKI-LAKI,73.69,POIN,08.06,"33,825,000,000,000,000"
468,32,JAWA BARAT,08.06,PERSEN,2022,16,32,SEMESTER II,412,POIN,24,32,PERDESAAN,6.17,PERSEN,242,32,3213,KABUPATEN SUBANG,PEREMPUAN,67.02,POIN,08.06,"33,825,000,000,000,000"
468,32,JAWA BARAT,08.06,PERSEN,2022,16,32,SEMESTER II,412,POIN,24,32,PERDESAAN,6.17,PERSEN,243,32,3214,KABUPATEN PURWAKARTA,LAKI-LAKI,76.49,POIN,08.06,"33,825,000,000,000,000"
468,32,JAWA BARAT,08.06,PERSEN,2022,16,32,SEMESTER II,412,POIN,24,32,PERDESAAN,6.17,PERSEN,244,32,3214,KABUPATEN PURWAKARTA,PEREMPUAN,66.5,POIN,08.06,"33,825,000,000,000,000"
468,32,JAWA BARAT,08.06,PERSEN,2022,16,32,SEMESTER II,412,POIN,24,32,PERDESAAN,6.17,PERSEN,245,32,3215,KABUPATEN KARAWANG,LAKI-LAKI,75.47,POIN,08.06,"33,825,000,000,000,000"
468,32,JAWA BARAT,08.06,PERSEN,2022,16,32,SEMESTER II,412,POIN,24,32,PERDESAAN,6.17,PERSEN,246,32,3215,KABUPATEN KARAWANG,PEREMPUAN,68.3,POIN,08.06,"33,825,000,000,000,000"
468,32,JAWA BARAT,08.06,PERSEN,2022,16,32,SEMESTER II,412,POIN,24,32,PERDESAAN,6.17,PERSEN,247,32,3216,KABUPATEN BEKASI,LAKI-LAKI,79.69,POIN,08.06,"33,825,000,000,000,000"
468,32,JAWA BARAT,08.06,PERSEN,2022,16,32,SEMESTER II,412,POIN,24,32,PERDESAAN,6.17,PERSEN,248,32,3216,KABUPATEN BEKASI,PEREMPUAN,71.22,POIN,08.06,"33,825,000,000,000,000"
468,32,JAWA BARAT,08.06,PERSEN,2022,16,32,SEMESTER II,412,POIN,24,32,PERDESAAN,6.17,PERSEN,249,32,3217,KABUPATEN BANDUNG BARAT,LAKI-LAKI,74.15,POIN,08.06,"33,825,000,000,000,000"
468,32,JAWA BARAT,08.06,PERSEN,2022,16,32,SEMESTER II,412,POIN,24,32,PERDESAAN,6.17,PERSEN,250,32,3217,KABUPATEN BANDUNG BARAT,PEREMPUAN,59.09,POIN,08.06,"33,825,000,000,000,000"
468,32,JAWA BARAT,08.06,PERSEN,2022,16,32,SEMESTER II,412,POIN,24,32,PERDESAAN,6.17,PERSEN,251,32,3218,KABUPATEN PANGANDARAN,LAKI-LAKI,73.15,POIN,08.06,"33,825,000,000,000,000"
468,32,JAWA BARAT,08.06,PERSEN,2022,16,32,SEMESTER II,412,POIN,24,32,PERDESAAN,6.17,PERSEN,252,32,3218,KABUPATEN PANGANDARAN,PEREMPUAN,65.98,POIN,08.06,"33,825,000,000,000,000"
468,32,JAWA BARAT,08.06,PERSEN,2022,16,32,SEMESTER II,412,POIN,24,32,PERDESAAN,6.17,PERSEN,253,32,3271,KOTA BOGOR,LAKI-LAKI,81.77,POIN,08.06,"33,825,000,000,000,000"
468,32,JAWA BARAT,08.06,PERSEN,2022,16,32,SEMESTER II,412,POIN,24,32,PERDESAAN,6.17,PERSEN,254,32,3271,KOTA BOGOR,PEREMPUAN,74.39,POIN,08.06,"33,825,000,000,000,000"
468,32,JAWA BARAT,08.06,PERSEN,2022,16,32,SEMESTER II,412,POIN,24,32,PERDESAAN,6.17,PERSEN,255,32,3272,KOTA SUKABUMI,LAKI-LAKI,80.37,POIN,08.06,"33,825,000,000,000,000"
468,32,JAWA BARAT,08.06,PERSEN,2022,16,32,SEMESTER II,412,POIN,24,32,PERDESAAN,6.17,PERSEN,256,32,3272,KOTA SUKABUMI,PEREMPUAN,73.8,POIN,08.06,"33,825,000,000,000,000"
468,32,JAWA BARAT,08.06,PERSEN,2022,16,32,SEMESTER II,412,POIN,24,32,PERDESAAN,6.17,PERSEN,257,32,3273,KOTA BANDUNG,LAKI-LAKI,85.88,POIN,08.06,"33,825,000,000,000,000"
468,32,JAWA BARAT,08.06,PERSEN,2022,16,32,SEMESTER II,412,POIN,24,32,PERDESAAN,6.17,PERSEN,258,32,3273,KOTA BANDUNG,PEREMPUAN,81.42,POIN,08.06,"33,825,000,000,000,000"
468,32,JAWA BARAT,08.06,PERSEN,2022,16,32,SEMESTER II,412,POIN,24,32,PERDESAAN,6.17,PERSEN,259,32,3274,KOTA CIREBON,LAKI-LAKI,78.92,POIN,08.06,"33,825,000,000,000,000"
468,32,JAWA BARAT,08.06,PERSEN,2022,16,32,SEMESTER II,412,POIN,24,32,PERDESAAN,6.17,PERSEN,260,32,3274,KOTA CIREBON,PEREMPUAN,74.9,POIN,08.06,"33,825,000,000,000,000"
468,32,JAWA BARAT,08.06,PERSEN,2022,16,32,SEMESTER II,412,POIN,24,32,PERDESAAN,6.17,PERSEN,261,32,3275,KOTA BEKASI,LAKI-LAKI,86.83,POIN,08.06,"33,825,000,000,000,000"
468,32,JAWA BARAT,08.06,PERSEN,2022,16,32,SEMESTER II,412,POIN,24,32,PERDESAAN,6.17,PERSEN,262,32,3275,KOTA BEKASI,PEREMPUAN,81.18,POIN,08.06,"33,825,000,000,000,000"
468,32,JAWA BARAT,08.06,PERSEN,2022,16,32,SEMESTER II,412,POIN,24,32,PERDESAAN,6.17,PERSEN,263,32,3276,KOTA DEPOK,LAKI-LAKI,86.03,POIN,08.06,"33,825,000,000,000,000"
468,32,JAWA BARAT,08.06,PERSEN,2022,16,32,SEMESTER II,412,POIN,24,32,PERDESAAN,6.17,PERSEN,264,32,3276,KOTA DEPOK,PEREMPUAN,80.41,POIN,08.06,"33,825,000,000,000,000"
468,32,JAWA BARAT,08.06,PERSEN,2022,16,32,SEMESTER II,412,POIN,24,32,PERDESAAN,6.17,PERSEN,265,32,3277,KOTA CIMAHI,LAKI-LAKI,82.93,POIN,08.06,"33,825,000,000,000,000"
468,32,JAWA BARAT,08.06,PERSEN,2022,16,32,SEMESTER II,412,POIN,24,32,PERDESAAN,6.17,PERSEN,266,32,3277,KOTA CIMAHI,PEREMPUAN,76.27,POIN,08.06,"33,825,000,000,000,000"
468,32,JAWA BARAT,08.06,PERSEN,2022,16,32,SEMESTER II,412,POIN,24,32,PERDESAAN,6.17,PERSEN,267,32,3278,KOTA TASIKMALAYA,LAKI-LAKI,76.97,POIN,08.06,"33,825,000,000,000,000"
468,32,JAWA BARAT,08.06,PERSEN,2022,16,32,SEMESTER II,412,POIN,24,32,PERDESAAN,6.17,PERSEN,268,32,3278,KOTA TASIKMALAYA,PEREMPUAN,70.71,POIN,08.06,"33,825,000,000,000,000"
468,32,JAWA BARAT,08.06,PERSEN,2022,16,32,SEMESTER II,412,POIN,24,32,PERDESAAN,6.17,PERSEN,269,32,3279,KOTA BANJAR,LAKI-LAKI,77.52,POIN,08.06,"33,825,000,000,000,000"
468,32,JAWA BARAT,08.06,PERSEN,2022,16,32,SEMESTER II,412,POIN,24,32,PERDESAAN,6.17,PERSEN,270,32,3279,KOTA BANJAR,PEREMPUAN,67.96,POIN,7.62,"33,825,000,000,000,000"
506,32,JAWA BARAT,7.62,PERSEN,2023,17,32,SEMESTER I,425,POIN,25,32,PERKOTAAN,7.92,PERSEN,271,32,3201,KABUPATEN BOGOR,LAKI-LAKI,76.4,POIN,7.62,"15,133,333,333,333,300"
506,32,JAWA BARAT,7.62,PERSEN,2023,17,32,SEMESTER I,425,POIN,25,32,PERKOTAAN,7.92,PERSEN,272,32,3201,KABUPATEN BOGOR,PEREMPUAN,68.91,POIN,7.62,"15,133,333,333,333,300"
506,32,JAWA BARAT,7.62,PERSEN,2023,17,32,SEMESTER I,425,POIN,25,32,PERKOTAAN,7.92,PERSEN,273,32,3202,KABUPATEN SUKABUMI,LAKI-LAKI,73.42,POIN,7.62,"15,133,333,333,333,300"
506,32,JAWA BARAT,7.62,PERSEN,2023,17,32,SEMESTER I,425,POIN,25,32,PERKOTAAN,7.92,PERSEN,274,32,3202,KABUPATEN SUKABUMI,PEREMPUAN,64.83,POIN,7.62,"15,133,333,333,333,300"
506,32,JAWA BARAT,7.62,PERSEN,2023,17,32,SEMESTER I,425,POIN,25,32,PERKOTAAN,7.92,PERSEN,275,32,3203,KABUPATEN CIANJUR,LAKI-LAKI,70.99,POIN,7.62,"15,133,333,333,333,300"
506,32,JAWA BARAT,7.62,PERSEN,2023,17,32,SEMESTER I,425,POIN,25,32,PERKOTAAN,7.92,PERSEN,276,32,3203,KABUPATEN CIANJUR,PEREMPUAN,60.46,POIN,7.62,"15,133,333,333,333,300"
506,32,JAWA BARAT,7.62,PERSEN,2023,17,32,SEMESTER I,425,POIN,25,32,PERKOTAAN,7.92,PERSEN,277,32,3204,KABUPATEN BANDUNG,LAKI-LAKI,76.71,POIN,7.62,"15,133,333,333,333,300"
506,32,JAWA BARAT,7.62,PERSEN,2023,17,32,SEMESTER I,425,POIN,25,32,PERKOTAAN,7.92,PERSEN,278,32,3204,KABUPATEN BANDUNG,PEREMPUAN,72.13,POIN,7.62,"15,133,333,333,333,300"
506,32,JAWA BARAT,7.62,PERSEN,2023,17,32,SEMESTER I,425,POIN,25,32,PERKOTAAN,7.92,PERSEN,279,32,3205,KABUPATEN GARUT,LAKI-LAKI,72.47,POIN,7.62,"15,133,333,333,333,300"
506,32,JAWA BARAT,7.62,PERSEN,2023,17,32,SEMESTER I,425,POIN,25,32,PERKOTAAN,7.92,PERSEN,280,32,3205,KABUPATEN GARUT,PEREMPUAN,60.42,POIN,7.62,"15,133,333,333,333,300"
506,32,JAWA BARAT,7.62,PERSEN,2023,17,32,SEMESTER I,425,POIN,25,32,PERKOTAAN,7.92,PERSEN,281,32,3206,KABUPATEN TASIKMALAYA,LAKI-LAKI,72.3,POIN,7.62,"15,133,333,333,333,300"
506,32,JAWA BARAT,7.62,PERSEN,2023,17,32,SEMESTER I,425,POIN,25,32,PERKOTAAN,7.92,PERSEN,282,32,3206,KABUPATEN TASIKMALAYA,PEREMPUAN,62.91,POIN,7.62,"15,133,333,333,333,300"
506,32,JAWA BARAT,7.62,PERSEN,2023,17,32,SEMESTER I,425,POIN,25,32,PERKOTAAN,7.92,PERSEN,283,32,3207,KABUPATEN CIAMIS,LAKI-LAKI,77.25,POIN,7.62,"15,133,333,333,333,300"
506,32,JAWA BARAT,7.62,PERSEN,2023,17,32,SEMESTER I,425,POIN,25,32,PERKOTAAN,7.92,PERSEN,284,32,3207,KABUPATEN CIAMIS,PEREMPUAN,67.4,POIN,7.62,"15,133,333,333,333,300"
506,32,JAWA BARAT,7.62,PERSEN,2023,17,32,SEMESTER I,425,POIN,25,32,PERKOTAAN,7.92,PERSEN,285,32,3208,KABUPATEN KUNINGAN,LAKI-LAKI,75.98,POIN,7.62,"15,133,333,333,333,300"
506,32,JAWA BARAT,7.62,PERSEN,2023,17,32,SEMESTER I,425,POIN,25,32,PERKOTAAN,7.92,PERSEN,286,32,3208,KABUPATEN KUNINGAN,PEREMPUAN,66.34,POIN,7.62,"15,133,333,333,333,300"
506,32,JAWA BARAT,7.62,PERSEN,2023,17,32,SEMESTER I,425,POIN,25,32,PERKOTAAN,7.92,PERSEN,287,32,3209,KABUPATEN CIREBON,LAKI-LAKI,75.59,POIN,7.62,"15,133,333,333,333,300"
506,32,JAWA BARAT,7.62,PERSEN,2023,17,32,SEMESTER I,425,POIN,25,32,PERKOTAAN,7.92,PERSEN,288,32,3209,KABUPATEN CIREBON,PEREMPUAN,63.71,POIN,7.62,"15,133,333,333,333,300"
506,32,JAWA BARAT,7.62,PERSEN,2023,17,32,SEMESTER I,425,POIN,25,32,PERKOTAAN,7.92,PERSEN,289,32,3210,KABUPATEN MAJALENGKA,LAKI-LAKI,73.52,POIN,7.62,"15,133,333,333,333,300"
506,32,JAWA BARAT,7.62,PERSEN,2023,17,32,SEMESTER I,425,POIN,25,32,PERKOTAAN,7.92,PERSEN,290,32,3210,KABUPATEN MAJALENGKA,PEREMPUAN,64.01,POIN,7.62,"15,133,333,333,333,300"
506,32,JAWA BARAT,7.62,PERSEN,2023,17,32,SEMESTER I,425,POIN,25,32,PERKOTAAN,7.92,PERSEN,291,32,3211,KABUPATEN SUMEDANG,LAKI-LAKI,76.4,POIN,7.62,"15,133,333,333,333,300"
506,32,JAWA BARAT,7.62,PERSEN,2023,17,32,SEMESTER I,425,POIN,25,32,PERKOTAAN,7.92,PERSEN,292,32,3211,KABUPATEN SUMEDANG,PEREMPUAN,72.89,POIN,7.62,"15,133,333,333,333,300"
506,32,JAWA BARAT,7.62,PERSEN,2023,17,32,SEMESTER I,425,POIN,25,32,PERKOTAAN,7.92,PERSEN,293,32,3212,KABUPATEN INDRAMAYU,LAKI-LAKI,73.55,POIN,7.62,"15,133,333,333,333,300"
506,32,JAWA BARAT,7.62,PERSEN,2023,17,32,SEMESTER I,425,POIN,25,32,PERKOTAAN,7.92,PERSEN,294,32,3212,KABUPATEN INDRAMAYU,PEREMPUAN,65.32,POIN,7.62,"15,133,333,333,333,300"
506,32,JAWA BARAT,7.62,PERSEN,2023,17,32,SEMESTER I,425,POIN,25,32,PERKOTAAN,7.92,PERSEN,295,32,3213,KABUPATEN SUBANG,LAKI-LAKI,74.42,POIN,7.62,"15,133,333,333,333,300"
506,32,JAWA BARAT,7.62,PERSEN,2023,17,32,SEMESTER I,425,POIN,25,32,PERKOTAAN,7.92,PERSEN,296,32,3213,KABUPATEN SUBANG,PEREMPUAN,67.94,POIN,7.62,"15,133,333,333,333,300"
506,32,JAWA BARAT,7.62,PERSEN,2023,17,32,SEMESTER I,425,POIN,25,32,PERKOTAAN,7.92,PERSEN,297,32,3214,KABUPATEN PURWAKARTA,LAKI-LAKI,77.01,POIN,7.62,"15,133,333,333,333,300"
506,32,JAWA BARAT,7.62,PERSEN,2023,17,32,SEMESTER I,425,POIN,25,32,PERKOTAAN,7.92,PERSEN,298,32,3214,KABUPATEN PURWAKARTA,PEREMPUAN,67.06,POIN,7.62,"15,133,333,333,333,300"
506,32,JAWA BARAT,7.62,PERSEN,2023,17,32,SEMESTER I,425,POIN,25,32,PERKOTAAN,7.92,PERSEN,299,32,3215,KABUPATEN KARAWANG,LAKI-LAKI,76.02,POIN,7.62,"15,133,333,333,333,300"
506,32,JAWA BARAT,7.62,PERSEN,2023,17,32,SEMESTER I,425,POIN,25,32,PERKOTAAN,7.92,PERSEN,300,32,3215,KABUPATEN KARAWANG,PEREMPUAN,69.23,POIN,7.62,"15,133,333,333,333,300"
506,32,JAWA BARAT,7.62,PERSEN,2023,17,32,SEMESTER I,425,POIN,25,32,PERKOTAAN,7.92,PERSEN,301,32,3216,KABUPATEN BEKASI,LAKI-LAKI,80.15,POIN,7.62,"15,133,333,333,333,300"
506,32,JAWA BARAT,7.62,PERSEN,2023,17,32,SEMESTER I,425,POIN,25,32,PERKOTAAN,7.92,PERSEN,302,32,3216,KABUPATEN BEKASI,PEREMPUAN,71.76,POIN,7.62,"15,133,333,333,333,300"
506,32,JAWA BARAT,7.62,PERSEN,2023,17,32,SEMESTER I,425,POIN,25,32,PERKOTAAN,7.92,PERSEN,303,32,3217,KABUPATEN BANDUNG BARAT,LAKI-LAKI,74.63,POIN,7.62,"15,133,333,333,333,300"
506,32,JAWA BARAT,7.62,PERSEN,2023,17,32,SEMESTER I,425,POIN,25,32,PERKOTAAN,7.92,PERSEN,304,32,3217,KABUPATEN BANDUNG BARAT,PEREMPUAN,59.98,POIN,7.62,"15,133,333,333,333,300"
506,32,JAWA BARAT,7.62,PERSEN,2023,17,32,SEMESTER I,425,POIN,25,32,PERKOTAAN,7.92,PERSEN,305,32,3218,KABUPATEN PANGANDARAN,LAKI-LAKI,73.58,POIN,7.62,"15,133,333,333,333,300"
506,32,JAWA BARAT,7.62,PERSEN,2023,17,32,SEMESTER I,425,POIN,25,32,PERKOTAAN,7.92,PERSEN,306,32,3218,KABUPATEN PANGANDARAN,PEREMPUAN,66.25,POIN,7.62,"15,133,333,333,333,300"
506,32,JAWA BARAT,7.62,PERSEN,2023,17,32,SEMESTER I,425,POIN,25,32,PERKOTAAN,7.92,PERSEN,307,32,3271,KOTA BOGOR,LAKI-LAKI,82.45,POIN,7.62,"15,133,333,333,333,300"
506,32,JAWA BARAT,7.62,PERSEN,2023,17,32,SEMESTER I,425,POIN,25,32,PERKOTAAN,7.92,PERSEN,308,32,3271,KOTA BOGOR,PEREMPUAN,75.12,POIN,7.62,"15,133,333,333,333,300"
506,32,JAWA BARAT,7.62,PERSEN,2023,17,32,SEMESTER I,425,POIN,25,32,PERKOTAAN,7.92,PERSEN,309,32,3272,KOTA SUKABUMI,LAKI-LAKI,81.03,POIN,7.62,"15,133,333,333,333,300"
506,32,JAWA BARAT,7.62,PERSEN,2023,17,32,SEMESTER I,425,POIN,25,32,PERKOTAAN,7.92,PERSEN,310,32,3272,KOTA SUKABUMI,PEREMPUAN,74.83,POIN,7.62,"15,133,333,333,333,300"
506,32,JAWA BARAT,7.62,PERSEN,2023,17,32,SEMESTER I,425,POIN,25,32,PERKOTAAN,7.92,PERSEN,311,32,3273,KOTA BANDUNG,LAKI-LAKI,86.53,POIN,7.62,"15,133,333,333,333,300"
506,32,JAWA BARAT,7.62,PERSEN,2023,17,32,SEMESTER I,425,POIN,25,32,PERKOTAAN,7.92,PERSEN,312,32,3273,KOTA BANDUNG,PEREMPUAN,81.95,POIN,7.62,"15,133,333,333,333,300"
506,32,JAWA BARAT,7.62,PERSEN,2023,17,32,SEMESTER I,425,POIN,25,32,PERKOTAAN,7.92,PERSEN,313,32,3274,KOTA CIREBON,LAKI-LAKI,79.4,POIN,7.62,"15,133,333,333,333,300"
506,32,JAWA BARAT,7.62,PERSEN,2023,17,32,SEMESTER I,425,POIN,25,32,PERKOTAAN,7.92,PERSEN,314,32,3274,KOTA CIREBON,PEREMPUAN,75.87,POIN,7.62,"15,133,333,333,333,300"
506,32,JAWA BARAT,7.62,PERSEN,2023,17,32,SEMESTER I,425,POIN,25,32,PERKOTAAN,7.92,PERSEN,315,32,3275,KOTA BEKASI,LAKI-LAKI,87.4,POIN,7.62,"15,133,333,333,333,300"
506,32,JAWA BARAT,7.62,PERSEN,2023,17,32,SEMESTER I,425,POIN,25,32,PERKOTAAN,7.92,PERSEN,316,32,3275,KOTA BEKASI,PEREMPUAN,81.74,POIN,7.62,"15,133,333,333,333,300"
506,32,JAWA BARAT,7.62,PERSEN,2023,17,32,SEMESTER I,425,POIN,25,32,PERKOTAAN,7.92,PERSEN,317,32,3276,KOTA DEPOK,LAKI-LAKI,86.58,POIN,7.62,"15,133,333,333,333,300"
506,32,JAWA BARAT,7.62,PERSEN,2023,17,32,SEMESTER I,425,POIN,25,32,PERKOTAAN,7.92,PERSEN,318,32,3276,KOTA DEPOK,PEREMPUAN,80.9,POIN,7.62,"15,133,333,333,333,300"
506,32,JAWA BARAT,7.62,PERSEN,2023,17,32,SEMESTER I,425,POIN,25,32,PERKOTAAN,7.92,PERSEN,319,32,3277,KOTA CIMAHI,LAKI-LAKI,83.65,POIN,7.62,"15,133,333,333,333,300"
506,32,JAWA BARAT,7.62,PERSEN,2023,17,32,SEMESTER I,425,POIN,25,32,PERKOTAAN,7.92,PERSEN,320,32,3277,KOTA CIMAHI,PEREMPUAN,76.96,POIN,7.62,"15,133,333,333,333,300"
506,32,JAWA BARAT,7.62,PERSEN,2023,17,32,SEMESTER I,425,POIN,25,32,PERKOTAAN,7.92,PERSEN,321,32,3278,KOTA TASIKMALAYA,LAKI-LAKI,77.55,POIN,7.62,"15,133,333,333,333,300"
506,32,JAWA BARAT,7.62,PERSEN,2023,17,32,SEMESTER I,425,POIN,25,32,PERKOTAAN,7.92,PERSEN,322,32,3278,KOTA TASIKMALAYA,PEREMPUAN,71.45,POIN,7.62,"15,133,333,333,333,300"
506,32,JAWA BARAT,7.62,PERSEN,2023,17,32,SEMESTER I,425,POIN,25,32,PERKOTAAN,7.92,PERSEN,323,32,3279,KOTA BANJAR,LAKI-LAKI,78.03,POIN,7.62,"15,133,333,333,333,300"
506,32,JAWA BARAT,7.62,PERSEN,2023,17,32,SEMESTER I,425,POIN,25,32,PERKOTAAN,7.92,PERSEN,324,32,3279,KOTA BANJAR,PEREMPUAN,68.55,POIN,7.62,"15,133,333,333,333,300"
506,32,JAWA BARAT,7.62,PERSEN,2023,17,32,SEMESTER I,425,POIN,26,32,PERDESAAN,5.65,PERSEN,271,32,3201,KABUPATEN BOGOR,LAKI-LAKI,76.4,POIN,7.62,"15,133,333,333,333,300"
506,32,JAWA BARAT,7.62,PERSEN,2023,17,32,SEMESTER I,425,POIN,26,32,PERDESAAN,5.65,PERSEN,272,32,3201,KABUPATEN BOGOR,PEREMPUAN,68.91,POIN,7.62,"15,133,333,333,333,300"
506,32,JAWA BARAT,7.62,PERSEN,2023,17,32,SEMESTER I,425,POIN,26,32,PERDESAAN,5.65,PERSEN,273,32,3202,KABUPATEN SUKABUMI,LAKI-LAKI,73.42,POIN,7.62,"15,133,333,333,333,300"
506,32,JAWA BARAT,7.62,PERSEN,2023,17,32,SEMESTER I,425,POIN,26,32,PERDESAAN,5.65,PERSEN,274,32,3202,KABUPATEN SUKABUMI,PEREMPUAN,64.83,POIN,7.62,"15,133,333,333,333,300"
506,32,JAWA BARAT,7.62,PERSEN,2023,17,32,SEMESTER I,425,POIN,26,32,PERDESAAN,5.65,PERSEN,275,32,3203,KABUPATEN CIANJUR,LAKI-LAKI,70.99,POIN,7.62,"15,133,333,333,333,300"
506,32,JAWA BARAT,7.62,PERSEN,2023,17,32,SEMESTER I,425,POIN,26,32,PERDESAAN,5.65,PERSEN,276,32,3203,KABUPATEN CIANJUR,PEREMPUAN,60.46,POIN,7.62,"15,133,333,333,333,300"
506,32,JAWA BARAT,7.62,PERSEN,2023,17,32,SEMESTER I,425,POIN,26,32,PERDESAAN,5.65,PERSEN,277,32,3204,KABUPATEN BANDUNG,LAKI-LAKI,76.71,POIN,7.62,"15,133,333,333,333,300"
506,32,JAWA BARAT,7.62,PERSEN,2023,17,32,SEMESTER I,425,POIN,26,32,PERDESAAN,5.65,PERSEN,278,32,3204,KABUPATEN BANDUNG,PEREMPUAN,72.13,POIN,7.62,"15,133,333,333,333,300"
506,32,JAWA BARAT,7.62,PERSEN,2023,17,32,SEMESTER I,425,POIN,26,32,PERDESAAN,5.65,PERSEN,279,32,3205,KABUPATEN GARUT,LAKI-LAKI,72.47,POIN,7.62,"15,133,333,333,333,300"
506,32,JAWA BARAT,7.62,PERSEN,2023,17,32,SEMESTER I,425,POIN,26,32,PERDESAAN,5.65,PERSEN,280,32,3205,KABUPATEN GARUT,PEREMPUAN,60.42,POIN,7.62,"15,133,333,333,333,300"
506,32,JAWA BARAT,7.62,PERSEN,2023,17,32,SEMESTER I,425,POIN,26,32,PERDESAAN,5.65,PERSEN,281,32,3206,KABUPATEN TASIKMALAYA,LAKI-LAKI,72.3,POIN,7.62,"15,133,333,333,333,300"
506,32,JAWA BARAT,7.62,PERSEN,2023,17,32,SEMESTER I,425,POIN,26,32,PERDESAAN,5.65,PERSEN,282,32,3206,KABUPATEN TASIKMALAYA,PEREMPUAN,62.91,POIN,7.62,"15,133,333,333,333,300"
506,32,JAWA BARAT,7.62,PERSEN,2023,17,32,SEMESTER I,425,POIN,26,32,PERDESAAN,5.65,PERSEN,283,32,3207,KABUPATEN CIAMIS,LAKI-LAKI,77.25,POIN,7.62,"15,133,333,333,333,300"
506,32,JAWA BARAT,7.62,PERSEN,2023,17,32,SEMESTER I,425,POIN,26,32,PERDESAAN,5.65,PERSEN,284,32,3207,KABUPATEN CIAMIS,PEREMPUAN,67.4,POIN,7.62,"15,133,333,333,333,300"
506,32,JAWA BARAT,7.62,PERSEN,2023,17,32,SEMESTER I,425,POIN,26,32,PERDESAAN,5.65,PERSEN,285,32,3208,KABUPATEN KUNINGAN,LAKI-LAKI,75.98,POIN,7.62,"15,133,333,333,333,300"
506,32,JAWA BARAT,7.62,PERSEN,2023,17,32,SEMESTER I,425,POIN,26,32,PERDESAAN,5.65,PERSEN,286,32,3208,KABUPATEN KUNINGAN,PEREMPUAN,66.34,POIN,7.62,"15,133,333,333,333,300"
506,32,JAWA BARAT,7.62,PERSEN,2023,17,32,SEMESTER I,425,POIN,26,32,PERDESAAN,5.65,PERSEN,287,32,3209,KABUPATEN CIREBON,LAKI-LAKI,75.59,POIN,7.62,"15,133,333,333,333,300"
506,32,JAWA BARAT,7.62,PERSEN,2023,17,32,SEMESTER I,425,POIN,26,32,PERDESAAN,5.65,PERSEN,288,32,3209,KABUPATEN CIREBON,PEREMPUAN,63.71,POIN,7.62,"15,133,333,333,333,300"
506,32,JAWA BARAT,7.62,PERSEN,2023,17,32,SEMESTER I,425,POIN,26,32,PERDESAAN,5.65,PERSEN,289,32,3210,KABUPATEN MAJALENGKA,LAKI-LAKI,73.52,POIN,7.62,"15,133,333,333,333,300"
506,32,JAWA BARAT,7.62,PERSEN,2023,17,32,SEMESTER I,425,POIN,26,32,PERDESAAN,5.65,PERSEN,290,32,3210,KABUPATEN MAJALENGKA,PEREMPUAN,64.01,POIN,7.62,"15,133,333,333,333,300"
506,32,JAWA BARAT,7.62,PERSEN,2023,17,32,SEMESTER I,425,POIN,26,32,PERDESAAN,5.65,PERSEN,291,32,3211,KABUPATEN SUMEDANG,LAKI-LAKI,76.4,POIN,7.62,"15,133,333,333,333,300"
506,32,JAWA BARAT,7.62,PERSEN,2023,17,32,SEMESTER I,425,POIN,26,32,PERDESAAN,5.65,PERSEN,292,32,3211,KABUPATEN SUMEDANG,PEREMPUAN,72.89,POIN,7.62,"15,133,333,333,333,300"
506,32,JAWA BARAT,7.62,PERSEN,2023,17,32,SEMESTER I,425,POIN,26,32,PERDESAAN,5.65,PERSEN,293,32,3212,KABUPATEN INDRAMAYU,LAKI-LAKI,73.55,POIN,7.62,"15,133,333,333,333,300"
506,32,JAWA BARAT,7.62,PERSEN,2023,17,32,SEMESTER I,425,POIN,26,32,PERDESAAN,5.65,PERSEN,294,32,3212,KABUPATEN INDRAMAYU,PEREMPUAN,65.32,POIN,7.62,"15,133,333,333,333,300"
506,32,JAWA BARAT,7.62,PERSEN,2023,17,32,SEMESTER I,425,POIN,26,32,PERDESAAN,5.65,PERSEN,295,32,3213,KABUPATEN SUBANG,LAKI-LAKI,74.42,POIN,7.62,"15,133,333,333,333,300"
506,32,JAWA BARAT,7.62,PERSEN,2023,17,32,SEMESTER I,425,POIN,26,32,PERDESAAN,5.65,PERSEN,296,32,3213,KABUPATEN SUBANG,PEREMPUAN,67.94,POIN,7.62,"15,133,333,333,333,300"
506,32,JAWA BARAT,7.62,PERSEN,2023,17,32,SEMESTER I,425,POIN,26,32,PERDESAAN,5.65,PERSEN,297,32,3214,KABUPATEN PURWAKARTA,LAKI-LAKI,77.01,POIN,7.62,"15,133,333,333,333,300"
506,32,JAWA BARAT,7.62,PERSEN,2023,17,32,SEMESTER I,425,POIN,26,32,PERDESAAN,5.65,PERSEN,298,32,3214,KABUPATEN PURWAKARTA,PEREMPUAN,67.06,POIN,7.62,"15,133,333,333,333,300"
506,32,JAWA BARAT,7.62,PERSEN,2023,17,32,SEMESTER I,425,POIN,26,32,PERDESAAN,5.65,PERSEN,299,32,3215,KABUPATEN KARAWANG,LAKI-LAKI,76.02,POIN,7.62,"15,133,333,333,333,300"
506,32,JAWA BARAT,7.62,PERSEN,2023,17,32,SEMESTER I,425,POIN,26,32,PERDESAAN,5.65,PERSEN,300,32,3215,KABUPATEN KARAWANG,PEREMPUAN,69.23,POIN,7.62,"15,133,333,333,333,300"
506,32,JAWA BARAT,7.62,PERSEN,2023,17,32,SEMESTER I,425,POIN,26,32,PERDESAAN,5.65,PERSEN,301,32,3216,KABUPATEN BEKASI,LAKI-LAKI,80.15,POIN,7.62,"15,133,333,333,333,300"
506,32,JAWA BARAT,7.62,PERSEN,2023,17,32,SEMESTER I,425,POIN,26,32,PERDESAAN,5.65,PERSEN,302,32,3216,KABUPATEN BEKASI,PEREMPUAN,71.76,POIN,7.62,"15,133,333,333,333,300"
506,32,JAWA BARAT,7.62,PERSEN,2023,17,32,SEMESTER I,425,POIN,26,32,PERDESAAN,5.65,PERSEN,303,32,3217,KABUPATEN BANDUNG BARAT,LAKI-LAKI,74.63,POIN,7.62,"15,133,333,333,333,300"
506,32,JAWA BARAT,7.62,PERSEN,2023,17,32,SEMESTER I,425,POIN,26,32,PERDESAAN,5.65,PERSEN,304,32,3217,KABUPATEN BANDUNG BARAT,PEREMPUAN,59.98,POIN,7.62,"15,133,333,333,333,300"
506,32,JAWA BARAT,7.62,PERSEN,2023,17,32,SEMESTER I,425,POIN,26,32,PERDESAAN,5.65,PERSEN,305,32,3218,KABUPATEN PANGANDARAN,LAKI-LAKI,73.58,POIN,7.62,"15,133,333,333,333,300"
506,32,JAWA BARAT,7.62,PERSEN,2023,17,32,SEMESTER I,425,POIN,26,32,PERDESAAN,5.65,PERSEN,306,32,3218,KABUPATEN PANGANDARAN,PEREMPUAN,66.25,POIN,7.62,"15,133,333,333,333,300"
506,32,JAWA BARAT,7.62,PERSEN,2023,17,32,SEMESTER I,425,POIN,26,32,PERDESAAN,5.65,PERSEN,307,32,3271,KOTA BOGOR,LAKI-LAKI,82.45,POIN,7.62,"15,133,333,333,333,300"
506,32,JAWA BARAT,7.62,PERSEN,2023,17,32,SEMESTER I,425,POIN,26,32,PERDESAAN,5.65,PERSEN,308,32,3271,KOTA BOGOR,PEREMPUAN,75.12,POIN,7.62,"15,133,333,333,333,300"
506,32,JAWA BARAT,7.62,PERSEN,2023,17,32,SEMESTER I,425,POIN,26,32,PERDESAAN,5.65,PERSEN,309,32,3272,KOTA SUKABUMI,LAKI-LAKI,81.03,POIN,7.62,"15,133,333,333,333,300"
506,32,JAWA BARAT,7.62,PERSEN,2023,17,32,SEMESTER I,425,POIN,26,32,PERDESAAN,5.65,PERSEN,310,32,3272,KOTA SUKABUMI,PEREMPUAN,74.83,POIN,7.62,"15,133,333,333,333,300"
506,32,JAWA BARAT,7.62,PERSEN,2023,17,32,SEMESTER I,425,POIN,26,32,PERDESAAN,5.65,PERSEN,311,32,3273,KOTA BANDUNG,LAKI-LAKI,86.53,POIN,7.62,"15,133,333,333,333,300"
506,32,JAWA BARAT,7.62,PERSEN,2023,17,32,SEMESTER I,425,POIN,26,32,PERDESAAN,5.65,PERSEN,312,32,3273,KOTA BANDUNG,PEREMPUAN,81.95,POIN,7.62,"15,133,333,333,333,300"
506,32,JAWA BARAT,7.62,PERSEN,2023,17,32,SEMESTER I,425,POIN,26,32,PERDESAAN,5.65,PERSEN,313,32,3274,KOTA CIREBON,LAKI-LAKI,79.4,POIN,7.62,"15,133,333,333,333,300"
506,32,JAWA BARAT,7.62,PERSEN,2023,17,32,SEMESTER I,425,POIN,26,32,PERDESAAN,5.65,PERSEN,314,32,3274,KOTA CIREBON,PEREMPUAN,75.87,POIN,7.62,"15,133,333,333,333,300"
506,32,JAWA BARAT,7.62,PERSEN,2023,17,32,SEMESTER I,425,POIN,26,32,PERDESAAN,5.65,PERSEN,315,32,3275,KOTA BEKASI,LAKI-LAKI,87.4,POIN,7.62,"15,133,333,333,333,300"
506,32,JAWA BARAT,7.62,PERSEN,2023,17,32,SEMESTER I,425,POIN,26,32,PERDESAAN,5.65,PERSEN,316,32,3275,KOTA BEKASI,PEREMPUAN,81.74,POIN,7.62,"15,133,333,333,333,300"
506,32,JAWA BARAT,7.62,PERSEN,2023,17,32,SEMESTER I,425,POIN,26,32,PERDESAAN,5.65,PERSEN,317,32,3276,KOTA DEPOK,LAKI-LAKI,86.58,POIN,7.62,"15,133,333,333,333,300"
506,32,JAWA BARAT,7.62,PERSEN,2023,17,32,SEMESTER I,425,POIN,26,32,PERDESAAN,5.65,PERSEN,318,32,3276,KOTA DEPOK,PEREMPUAN,80.9,POIN,7.62,"15,133,333,333,333,300"
506,32,JAWA BARAT,7.62,PERSEN,2023,17,32,SEMESTER I,425,POIN,26,32,PERDESAAN,5.65,PERSEN,319,32,3277,KOTA CIMAHI,LAKI-LAKI,83.65,POIN,7.62,"15,133,333,333,333,300"
506,32,JAWA BARAT,7.62,PERSEN,2023,17,32,SEMESTER I,425,POIN,26,32,PERDESAAN,5.65,PERSEN,320,32,3277,KOTA CIMAHI,PEREMPUAN,76.96,POIN,7.62,"15,133,333,333,333,300"
506,32,JAWA BARAT,7.62,PERSEN,2023,17,32,SEMESTER I,425,POIN,26,32,PERDESAAN,5.65,PERSEN,321,32,3278,KOTA TASIKMALAYA,LAKI-LAKI,77.55,POIN,7.62,"15,133,333,333,333,300"
506,32,JAWA BARAT,7.62,PERSEN,2023,17,32,SEMESTER I,425,POIN,26,32,PERDESAAN,5.65,PERSEN,322,32,3278,KOTA TASIKMALAYA,PEREMPUAN,71.45,POIN,7.62,"15,133,333,333,333,300"
506,32,JAWA BARAT,7.62,PERSEN,2023,17,32,SEMESTER I,425,POIN,26,32,PERDESAAN,5.65,PERSEN,323,32,3279,KOTA BANJAR,LAKI-LAKI,78.03,POIN,7.62,"15,133,333,333,333,300"
506,32,JAWA BARAT,7.62,PERSEN,2023,17,32,SEMESTER I,425,POIN,26,32,PERDESAAN,5.65,PERSEN,324,32,3279,KOTA BANJAR,PEREMPUAN,68.55,POIN,7.62,"15,133,333,333,333,300"
506,32,JAWA BARAT,7.62,PERSEN,2023,18,32,SEMESTER II,0.0,POIN,25,32,PERKOTAAN,7.92,PERSEN,271,32,3201,KABUPATEN BOGOR,LAKI-LAKI,76.4,POIN,7.62,"15,133,333,333,333,300"
506,32,JAWA BARAT,7.62,PERSEN,2023,18,32,SEMESTER II,0.0,POIN,25,32,PERKOTAAN,7.92,PERSEN,272,32,3201,KABUPATEN BOGOR,PEREMPUAN,68.91,POIN,7.62,"15,133,333,333,333,300"
506,32,JAWA BARAT,7.62,PERSEN,2023,18,32,SEMESTER II,0.0,POIN,25,32,PERKOTAAN,7.92,PERSEN,273,32,3202,KABUPATEN SUKABUMI,LAKI-LAKI,73.42,POIN,7.62,"15,133,333,333,333,300"
506,32,JAWA BARAT,7.62,PERSEN,2023,18,32,SEMESTER II,0.0,POIN,25,32,PERKOTAAN,7.92,PERSEN,274,32,3202,KABUPATEN SUKABUMI,PEREMPUAN,64.83,POIN,7.62,"15,133,333,333,333,300"
506,32,JAWA BARAT,7.62,PERSEN,2023,18,32,SEMESTER II,0.0,POIN,25,32,PERKOTAAN,7.92,PERSEN,275,32,3203,KABUPATEN CIANJUR,LAKI-LAKI,70.99,POIN,7.62,"15,133,333,333,333,300"
506,32,JAWA BARAT,7.62,PERSEN,2023,18,32,SEMESTER II,0.0,POIN,25,32,PERKOTAAN,7.92,PERSEN,276,32,3203,KABUPATEN CIANJUR,PEREMPUAN,60.46,POIN,7.62,"15,133,333,333,333,300"
506,32,JAWA BARAT,7.62,PERSEN,2023,18,32,SEMESTER II,0.0,POIN,25,32,PERKOTAAN,7.92,PERSEN,277,32,3204,KABUPATEN BANDUNG,LAKI-LAKI,76.71,POIN,7.62,"15,133,333,333,333,300"
506,32,JAWA BARAT,7.62,PERSEN,2023,18,32,SEMESTER II,0.0,POIN,25,32,PERKOTAAN,7.92,PERSEN,278,32,3204,KABUPATEN BANDUNG,PEREMPUAN,72.13,POIN,7.62,"15,133,333,333,333,300"
506,32,JAWA BARAT,7.62,PERSEN,2023,18,32,SEMESTER II,0.0,POIN,25,32,PERKOTAAN,7.92,PERSEN,279,32,3205,KABUPATEN GARUT,LAKI-LAKI,72.47,POIN,7.62,"15,133,333,333,333,300"
506,32,JAWA BARAT,7.62,PERSEN,2023,18,32,SEMESTER II,0.0,POIN,25,32,PERKOTAAN,7.92,PERSEN,280,32,3205,KABUPATEN GARUT,PEREMPUAN,60.42,POIN,7.62,"15,133,333,333,333,300"
506,32,JAWA BARAT,7.62,PERSEN,2023,18,32,SEMESTER II,0.0,POIN,25,32,PERKOTAAN,7.92,PERSEN,281,32,3206,KABUPATEN TASIKMALAYA,LAKI-LAKI,72.3,POIN,7.62,"15,133,333,333,333,300"
506,32,JAWA BARAT,7.62,PERSEN,2023,18,32,SEMESTER II,0.0,POIN,25,32,PERKOTAAN,7.92,PERSEN,282,32,3206,KABUPATEN TASIKMALAYA,PEREMPUAN,62.91,POIN,7.62,"15,133,333,333,333,300"
506,32,JAWA BARAT,7.62,PERSEN,2023,18,32,SEMESTER II,0.0,POIN,25,32,PERKOTAAN,7.92,PERSEN,283,32,3207,KABUPATEN CIAMIS,LAKI-LAKI,77.25,POIN,7.62,"15,133,333,333,333,300"
506,32,JAWA BARAT,7.62,PERSEN,2023,18,32,SEMESTER II,0.0,POIN,25,32,PERKOTAAN,7.92,PERSEN,284,32,3207,KABUPATEN CIAMIS,PEREMPUAN,67.4,POIN,7.62,"15,133,333,333,333,300"
506,32,JAWA BARAT,7.62,PERSEN,2023,18,32,SEMESTER II,0.0,POIN,25,32,PERKOTAAN,7.92,PERSEN,285,32,3208,KABUPATEN KUNINGAN,LAKI-LAKI,75.98,POIN,7.62,"15,133,333,333,333,300"
506,32,JAWA BARAT,7.62,PERSEN,2023,18,32,SEMESTER II,0.0,POIN,25,32,PERKOTAAN,7.92,PERSEN,286,32,3208,KABUPATEN KUNINGAN,PEREMPUAN,66.34,POIN,7.62,"15,133,333,333,333,300"
506,32,JAWA BARAT,7.62,PERSEN,2023,18,32,SEMESTER II,0.0,POIN,25,32,PERKOTAAN,7.92,PERSEN,287,32,3209,KABUPATEN CIREBON,LAKI-LAKI,75.59,POIN,7.62,"15,133,333,333,333,300"
506,32,JAWA BARAT,7.62,PERSEN,2023,18,32,SEMESTER II,0.0,POIN,25,32,PERKOTAAN,7.92,PERSEN,288,32,3209,KABUPATEN CIREBON,PEREMPUAN,63.71,POIN,7.62,"15,133,333,333,333,300"
506,32,JAWA BARAT,7.62,PERSEN,2023,18,32,SEMESTER II,0.0,POIN,25,32,PERKOTAAN,7.92,PERSEN,289,32,3210,KABUPATEN MAJALENGKA,LAKI-LAKI,73.52,POIN,7.62,"15,133,333,333,333,300"
506,32,JAWA BARAT,7.62,PERSEN,2023,18,32,SEMESTER II,0.0,POIN,25,32,PERKOTAAN,7.92,PERSEN,290,32,3210,KABUPATEN MAJALENGKA,PEREMPUAN,64.01,POIN,7.62,"15,133,333,333,333,300"
506,32,JAWA BARAT,7.62,PERSEN,2023,18,32,SEMESTER II,0.0,POIN,25,32,PERKOTAAN,7.92,PERSEN,291,32,3211,KABUPATEN SUMEDANG,LAKI-LAKI,76.4,POIN,7.62,"15,133,333,333,333,300"
506,32,JAWA BARAT,7.62,PERSEN,2023,18,32,SEMESTER II,0.0,POIN,25,32,PERKOTAAN,7.92,PERSEN,292,32,3211,KABUPATEN SUMEDANG,PEREMPUAN,72.89,POIN,7.62,"15,133,333,333,333,300"
506,32,JAWA BARAT,7.62,PERSEN,2023,18,32,SEMESTER II,0.0,POIN,25,32,PERKOTAAN,7.92,PERSEN,293,32,3212,KABUPATEN INDRAMAYU,LAKI-LAKI,73.55,POIN,7.62,"15,133,333,333,333,300"
506,32,JAWA BARAT,7.62,PERSEN,2023,18,32,SEMESTER II,0.0,POIN,25,32,PERKOTAAN,7.92,PERSEN,294,32,3212,KABUPATEN INDRAMAYU,PEREMPUAN,65.32,POIN,7.62,"15,133,333,333,333,300"
506,32,JAWA BARAT,7.62,PERSEN,2023,18,32,SEMESTER II,0.0,POIN,25,32,PERKOTAAN,7.92,PERSEN,295,32,3213,KABUPATEN SUBANG,LAKI-LAKI,74.42,POIN,7.62,"15,133,333,333,333,300"
506,32,JAWA BARAT,7.62,PERSEN,2023,18,32,SEMESTER II,0.0,POIN,25,32,PERKOTAAN,7.92,PERSEN,296,32,3213,KABUPATEN SUBANG,PEREMPUAN,67.94,POIN,7.62,"15,133,333,333,333,300"
506,32,JAWA BARAT,7.62,PERSEN,2023,18,32,SEMESTER II,0.0,POIN,25,32,PERKOTAAN,7.92,PERSEN,297,32,3214,KABUPATEN PURWAKARTA,LAKI-LAKI,77.01,POIN,7.62,"15,133,333,333,333,300"
506,32,JAWA BARAT,7.62,PERSEN,2023,18,32,SEMESTER II,0.0,POIN,25,32,PERKOTAAN,7.92,PERSEN,298,32,3214,KABUPATEN PURWAKARTA,PEREMPUAN,67.06,POIN,7.62,"15,133,333,333,333,300"
506,32,JAWA BARAT,7.62,PERSEN,2023,18,32,SEMESTER II,0.0,POIN,25,32,PERKOTAAN,7.92,PERSEN,299,32,3215,KABUPATEN KARAWANG,LAKI-LAKI,76.02,POIN,7.62,"15,133,333,333,333,300"
506,32,JAWA BARAT,7.62,PERSEN,2023,18,32,SEMESTER II,0.0,POIN,25,32,PERKOTAAN,7.92,PERSEN,300,32,3215,KABUPATEN KARAWANG,PEREMPUAN,69.23,POIN,7.62,"15,133,333,333,333,300"
506,32,JAWA BARAT,7.62,PERSEN,2023,18,32,SEMESTER II,0.0,POIN,25,32,PERKOTAAN,7.92,PERSEN,301,32,3216,KABUPATEN BEKASI,LAKI-LAKI,80.15,POIN,7.62,"15,133,333,333,333,300"
506,32,JAWA BARAT,7.62,PERSEN,2023,18,32,SEMESTER II,0.0,POIN,25,32,PERKOTAAN,7.92,PERSEN,302,32,3216,KABUPATEN BEKASI,PEREMPUAN,71.76,POIN,7.62,"15,133,333,333,333,300"
506,32,JAWA BARAT,7.62,PERSEN,2023,18,32,SEMESTER II,0.0,POIN,25,32,PERKOTAAN,7.92,PERSEN,303,32,3217,KABUPATEN BANDUNG BARAT,LAKI-LAKI,74.63,POIN,7.62,"15,133,333,333,333,300"
506,32,JAWA BARAT,7.62,PERSEN,2023,18,32,SEMESTER II,0.0,POIN,25,32,PERKOTAAN,7.92,PERSEN,304,32,3217,KABUPATEN BANDUNG BARAT,PEREMPUAN,59.98,POIN,7.62,"15,133,333,333,333,300"
506,32,JAWA BARAT,7.62,PERSEN,2023,18,32,SEMESTER II,0.0,POIN,25,32,PERKOTAAN,7.92,PERSEN,305,32,3218,KABUPATEN PANGANDARAN,LAKI-LAKI,73.58,POIN,7.62,"15,133,333,333,333,300"
506,32,JAWA BARAT,7.62,PERSEN,2023,18,32,SEMESTER II,0.0,POIN,25,32,PERKOTAAN,7.92,PERSEN,306,32,3218,KABUPATEN PANGANDARAN,PEREMPUAN,66.25,POIN,7.62,"15,133,333,333,333,300"
506,32,JAWA BARAT,7.62,PERSEN,2023,18,32,SEMESTER II,0.0,POIN,25,32,PERKOTAAN,7.92,PERSEN,307,32,3271,KOTA BOGOR,LAKI-LAKI,82.45,POIN,7.62,"15,133,333,333,333,300"
506,32,JAWA BARAT,7.62,PERSEN,2023,18,32,SEMESTER II,0.0,POIN,25,32,PERKOTAAN,7.92,PERSEN,308,32,3271,KOTA BOGOR,PEREMPUAN,75.12,POIN,7.62,"15,133,333,333,333,300"
506,32,JAWA BARAT,7.62,PERSEN,2023,18,32,SEMESTER II,0.0,POIN,25,32,PERKOTAAN,7.92,PERSEN,309,32,3272,KOTA SUKABUMI,LAKI-LAKI,81.03,POIN,7.62,"15,133,333,333,333,300"
506,32,JAWA BARAT,7.62,PERSEN,2023,18,32,SEMESTER II,0.0,POIN,25,32,PERKOTAAN,7.92,PERSEN,310,32,3272,KOTA SUKABUMI,PEREMPUAN,74.83,POIN,7.62,"15,133,333,333,333,300"
506,32,JAWA BARAT,7.62,PERSEN,2023,18,32,SEMESTER II,0.0,POIN,25,32,PERKOTAAN,7.92,PERSEN,311,32,3273,KOTA BANDUNG,LAKI-LAKI,86.53,POIN,7.62,"15,133,333,333,333,300"
506,32,JAWA BARAT,7.62,PERSEN,2023,18,32,SEMESTER II,0.0,POIN,25,32,PERKOTAAN,7.92,PERSEN,312,32,3273,KOTA BANDUNG,PEREMPUAN,81.95,POIN,7.62,"15,133,333,333,333,300"
506,32,JAWA BARAT,7.62,PERSEN,2023,18,32,SEMESTER II,0.0,POIN,25,32,PERKOTAAN,7.92,PERSEN,313,32,3274,KOTA CIREBON,LAKI-LAKI,79.4,POIN,7.62,"15,133,333,333,333,300"
506,32,JAWA BARAT,7.62,PERSEN,2023,18,32,SEMESTER II,0.0,POIN,25,32,PERKOTAAN,7.92,PERSEN,314,32,3274,KOTA CIREBON,PEREMPUAN,75.87,POIN,7.62,"15,133,333,333,333,300"
506,32,JAWA BARAT,7.62,PERSEN,2023,18,32,SEMESTER II,0.0,POIN,25,32,PERKOTAAN,7.92,PERSEN,315,32,3275,KOTA BEKASI,LAKI-LAKI,87.4,POIN,7.62,"15,133,333,333,333,300"
506,32,JAWA BARAT,7.62,PERSEN,2023,18,32,SEMESTER II,0.0,POIN,25,32,PERKOTAAN,7.92,PERSEN,316,32,3275,KOTA BEKASI,PEREMPUAN,81.74,POIN,7.62,"15,133,333,333,333,300"
506,32,JAWA BARAT,7.62,PERSEN,2023,18,32,SEMESTER II,0.0,POIN,25,32,PERKOTAAN,7.92,PERSEN,317,32,3276,KOTA DEPOK,LAKI-LAKI,86.58,POIN,7.62,"15,133,333,333,333,300"
506,32,JAWA BARAT,7.62,PERSEN,2023,18,32,SEMESTER II,0.0,POIN,25,32,PERKOTAAN,7.92,PERSEN,318,32,3276,KOTA DEPOK,PEREMPUAN,80.9,POIN,7.62,"15,133,333,333,333,300"
506,32,JAWA BARAT,7.62,PERSEN,2023,18,32,SEMESTER II,0.0,POIN,25,32,PERKOTAAN,7.92,PERSEN,319,32,3277,KOTA CIMAHI,LAKI-LAKI,83.65,POIN,7.62,"15,133,333,333,333,300"
506,32,JAWA BARAT,7.62,PERSEN,2023,18,32,SEMESTER II,0.0,POIN,25,32,PERKOTAAN,7.92,PERSEN,320,32,3277,KOTA CIMAHI,PEREMPUAN,76.96,POIN,7.62,"15,133,333,333,333,300"
506,32,JAWA BARAT,7.62,PERSEN,2023,18,32,SEMESTER II,0.0,POIN,25,32,PERKOTAAN,7.92,PERSEN,321,32,3278,KOTA TASIKMALAYA,LAKI-LAKI,77.55,POIN,7.62,"15,133,333,333,333,300"
506,32,JAWA BARAT,7.62,PERSEN,2023,18,32,SEMESTER II,0.0,POIN,25,32,PERKOTAAN,7.92,PERSEN,322,32,3278,KOTA TASIKMALAYA,PEREMPUAN,71.45,POIN,7.62,"15,133,333,333,333,300"
506,32,JAWA BARAT,7.62,PERSEN,2023,18,32,SEMESTER II,0.0,POIN,25,32,PERKOTAAN,7.92,PERSEN,323,32,3279,KOTA BANJAR,LAKI-LAKI,78.03,POIN,7.62,"15,133,333,333,333,300"
506,32,JAWA BARAT,7.62,PERSEN,2023,18,32,SEMESTER II,0.0,POIN,25,32,PERKOTAAN,7.92,PERSEN,324,32,3279,KOTA BANJAR,PEREMPUAN,68.55,POIN,7.62,"15,133,333,333,333,300"
506,32,JAWA BARAT,7.62,PERSEN,2023,18,32,SEMESTER II,0.0,POIN,26,32,PERDESAAN,5.65,PERSEN,271,32,3201,KABUPATEN BOGOR,LAKI-LAKI,76.4,POIN,7.62,"15,133,333,333,333,300"
506,32,JAWA BARAT,7.62,PERSEN,2023,18,32,SEMESTER II,0.0,POIN,26,32,PERDESAAN,5.65,PERSEN,272,32,3201,KABUPATEN BOGOR,PEREMPUAN,68.91,POIN,7.62,"15,133,333,333,333,300"
506,32,JAWA BARAT,7.62,PERSEN,2023,18,32,SEMESTER II,0.0,POIN,26,32,PERDESAAN,5.65,PERSEN,273,32,3202,KABUPATEN SUKABUMI,LAKI-LAKI,73.42,POIN,7.62,"15,133,333,333,333,300"
506,32,JAWA BARAT,7.62,PERSEN,2023,18,32,SEMESTER II,0.0,POIN,26,32,PERDESAAN,5.65,PERSEN,274,32,3202,KABUPATEN SUKABUMI,PEREMPUAN,64.83,POIN,7.62,"15,133,333,333,333,300"
506,32,JAWA BARAT,7.62,PERSEN,2023,18,32,SEMESTER II,0.0,POIN,26,32,PERDESAAN,5.65,PERSEN,275,32,3203,KABUPATEN CIANJUR,LAKI-LAKI,70.99,POIN,7.62,"15,133,333,333,333,300"
506,32,JAWA BARAT,7.62,PERSEN,2023,18,32,SEMESTER II,0.0,POIN,26,32,PERDESAAN,5.65,PERSEN,276,32,3203,KABUPATEN CIANJUR,PEREMPUAN,60.46,POIN,7.62,"15,133,333,333,333,300"
506,32,JAWA BARAT,7.62,PERSEN,2023,18,32,SEMESTER II,0.0,POIN,26,32,PERDESAAN,5.65,PERSEN,277,32,3204,KABUPATEN BANDUNG,LAKI-LAKI,76.71,POIN,7.62,"15,133,333,333,333,300"
506,32,JAWA BARAT,7.62,PERSEN,2023,18,32,SEMESTER II,0.0,POIN,26,32,PERDESAAN,5.65,PERSEN,278,32,3204,KABUPATEN BANDUNG,PEREMPUAN,72.13,POIN,7.62,"15,133,333,333,333,300"
506,32,JAWA BARAT,7.62,PERSEN,2023,18,32,SEMESTER II,0.0,POIN,26,32,PERDESAAN,5.65,PERSEN,279,32,3205,KABUPATEN GARUT,LAKI-LAKI,72.47,POIN,7.62,"15,133,333,333,333,300"
506,32,JAWA BARAT,7.62,PERSEN,2023,18,32,SEMESTER II,0.0,POIN,26,32,PERDESAAN,5.65,PERSEN,280,32,3205,KABUPATEN GARUT,PEREMPUAN,60.42,POIN,7.62,"15,133,333,333,333,300"
506,32,JAWA BARAT,7.62,PERSEN,2023,18,32,SEMESTER II,0.0,POIN,26,32,PERDESAAN,5.65,PERSEN,281,32,3206,KABUPATEN TASIKMALAYA,LAKI-LAKI,72.3,POIN,7.62,"15,133,333,333,333,300"
506,32,JAWA BARAT,7.62,PERSEN,2023,18,32,SEMESTER II,0.0,POIN,26,32,PERDESAAN,5.65,PERSEN,282,32,3206,KABUPATEN TASIKMALAYA,PEREMPUAN,62.91,POIN,7.62,"15,133,333,333,333,300"
506,32,JAWA BARAT,7.62,PERSEN,2023,18,32,SEMESTER II,0.0,POIN,26,32,PERDESAAN,5.65,PERSEN,283,32,3207,KABUPATEN CIAMIS,LAKI-LAKI,77.25,POIN,7.62,"15,133,333,333,333,300"
506,32,JAWA BARAT,7.62,PERSEN,2023,18,32,SEMESTER II,0.0,POIN,26,32,PERDESAAN,5.65,PERSEN,284,32,3207,KABUPATEN CIAMIS,PEREMPUAN,67.4,POIN,7.62,"15,133,333,333,333,300"
506,32,JAWA BARAT,7.62,PERSEN,2023,18,32,SEMESTER II,0.0,POIN,26,32,PERDESAAN,5.65,PERSEN,285,32,3208,KABUPATEN KUNINGAN,LAKI-LAKI,75.98,POIN,7.62,"15,133,333,333,333,300"
506,32,JAWA BARAT,7.62,PERSEN,2023,18,32,SEMESTER II,0.0,POIN,26,32,PERDESAAN,5.65,PERSEN,286,32,3208,KABUPATEN KUNINGAN,PEREMPUAN,66.34,POIN,7.62,"15,133,333,333,333,300"
506,32,JAWA BARAT,7.62,PERSEN,2023,18,32,SEMESTER II,0.0,POIN,26,32,PERDESAAN,5.65,PERSEN,287,32,3209,KABUPATEN CIREBON,LAKI-LAKI,75.59,POIN,7.62,"15,133,333,333,333,300"
506,32,JAWA BARAT,7.62,PERSEN,2023,18,32,SEMESTER II,0.0,POIN,26,32,PERDESAAN,5.65,PERSEN,288,32,3209,KABUPATEN CIREBON,PEREMPUAN,63.71,POIN,7.62,"15,133,333,333,333,300"
506,32,JAWA BARAT,7.62,PERSEN,2023,18,32,SEMESTER II,0.0,POIN,26,32,PERDESAAN,5.65,PERSEN,289,32,3210,KABUPATEN MAJALENGKA,LAKI-LAKI,73.52,POIN,7.62,"15,133,333,333,333,300"
506,32,JAWA BARAT,7.62,PERSEN,2023,18,32,SEMESTER II,0.0,POIN,26,32,PERDESAAN,5.65,PERSEN,290,32,3210,KABUPATEN MAJALENGKA,PEREMPUAN,64.01,POIN,7.62,"15,133,333,333,333,300"
506,32,JAWA BARAT,7.62,PERSEN,2023,18,32,SEMESTER II,0.0,POIN,26,32,PERDESAAN,5.65,PERSEN,291,32,3211,KABUPATEN SUMEDANG,LAKI-LAKI,76.4,POIN,7.62,"15,133,333,333,333,300"
506,32,JAWA BARAT,7.62,PERSEN,2023,18,32,SEMESTER II,0.0,POIN,26,32,PERDESAAN,5.65,PERSEN,292,32,3211,KABUPATEN SUMEDANG,PEREMPUAN,72.89,POIN,7.62,"15,133,333,333,333,300"
506,32,JAWA BARAT,7.62,PERSEN,2023,18,32,SEMESTER II,0.0,POIN,26,32,PERDESAAN,5.65,PERSEN,293,32,3212,KABUPATEN INDRAMAYU,LAKI-LAKI,73.55,POIN,7.62,"15,133,333,333,333,300"
506,32,JAWA BARAT,7.62,PERSEN,2023,18,32,SEMESTER II,0.0,POIN,26,32,PERDESAAN,5.65,PERSEN,294,32,3212,KABUPATEN INDRAMAYU,PEREMPUAN,65.32,POIN,7.62,"15,133,333,333,333,300"
506,32,JAWA BARAT,7.62,PERSEN,2023,18,32,SEMESTER II,0.0,POIN,26,32,PERDESAAN,5.65,PERSEN,295,32,3213,KABUPATEN SUBANG,LAKI-LAKI,74.42,POIN,7.62,"15,133,333,333,333,300"
506,32,JAWA BARAT,7.62,PERSEN,2023,18,32,SEMESTER II,0.0,POIN,26,32,PERDESAAN,5.65,PERSEN,296,32,3213,KABUPATEN SUBANG,PEREMPUAN,67.94,POIN,7.62,"15,133,333,333,333,300"
506,32,JAWA BARAT,7.62,PERSEN,2023,18,32,SEMESTER II,0.0,POIN,26,32,PERDESAAN,5.65,PERSEN,297,32,3214,KABUPATEN PURWAKARTA,LAKI-LAKI,77.01,POIN,7.62,"15,133,333,333,333,300"
506,32,JAWA BARAT,7.62,PERSEN,2023,18,32,SEMESTER II,0.0,POIN,26,32,PERDESAAN,5.65,PERSEN,298,32,3214,KABUPATEN PURWAKARTA,PEREMPUAN,67.06,POIN,7.62,"15,133,333,333,333,300"
506,32,JAWA BARAT,7.62,PERSEN,2023,18,32,SEMESTER II,0.0,POIN,26,32,PERDESAAN,5.65,PERSEN,299,32,3215,KABUPATEN KARAWANG,LAKI-LAKI,76.02,POIN,7.62,"15,133,333,333,333,300"
506,32,JAWA BARAT,7.62,PERSEN,2023,18,32,SEMESTER II,0.0,POIN,26,32,PERDESAAN,5.65,PERSEN,300,32,3215,KABUPATEN KARAWANG,PEREMPUAN,69.23,POIN,7.62,"15,133,333,333,333,300"
506,32,JAWA BARAT,7.62,PERSEN,2023,18,32,SEMESTER II,0.0,POIN,26,32,PERDESAAN,5.65,PERSEN,301,32,3216,KABUPATEN BEKASI,LAKI-LAKI,80.15,POIN,7.62,"15,133,333,333,333,300"
506,32,JAWA BARAT,7.62,PERSEN,2023,18,32,SEMESTER II,0.0,POIN,26,32,PERDESAAN,5.65,PERSEN,302,32,3216,KABUPATEN BEKASI,PEREMPUAN,71.76,POIN,7.62,"15,133,333,333,333,300"
506,32,JAWA BARAT,7.62,PERSEN,2023,18,32,SEMESTER II,0.0,POIN,26,32,PERDESAAN,5.65,PERSEN,303,32,3217,KABUPATEN BANDUNG BARAT,LAKI-LAKI,74.63,POIN,7.62,"15,133,333,333,333,300"
506,32,JAWA BARAT,7.62,PERSEN,2023,18,32,SEMESTER II,0.0,POIN,26,32,PERDESAAN,5.65,PERSEN,304,32,3217,KABUPATEN BANDUNG BARAT,PEREMPUAN,59.98,POIN,7.62,"15,133,333,333,333,300"
506,32,JAWA BARAT,7.62,PERSEN,2023,18,32,SEMESTER II,0.0,POIN,26,32,PERDESAAN,5.65,PERSEN,305,32,3218,KABUPATEN PANGANDARAN,LAKI-LAKI,73.58,POIN,7.62,"15,133,333,333,333,300"
506,32,JAWA BARAT,7.62,PERSEN,2023,18,32,SEMESTER II,0.0,POIN,26,32,PERDESAAN,5.65,PERSEN,306,32,3218,KABUPATEN PANGANDARAN,PEREMPUAN,66.25,POIN,7.62,"15,133,333,333,333,300"
506,32,JAWA BARAT,7.62,PERSEN,2023,18,32,SEMESTER II,0.0,POIN,26,32,PERDESAAN,5.65,PERSEN,307,32,3271,KOTA BOGOR,LAKI-LAKI,82.45,POIN,7.62,"15,133,333,333,333,300"
506,32,JAWA BARAT,7.62,PERSEN,2023,18,32,SEMESTER II,0.0,POIN,26,32,PERDESAAN,5.65,PERSEN,308,32,3271,KOTA BOGOR,PEREMPUAN,75.12,POIN,7.62,"15,133,333,333,333,300"
506,32,JAWA BARAT,7.62,PERSEN,2023,18,32,SEMESTER II,0.0,POIN,26,32,PERDESAAN,5.65,PERSEN,309,32,3272,KOTA SUKABUMI,LAKI-LAKI,81.03,POIN,7.62,"15,133,333,333,333,300"
506,32,JAWA BARAT,7.62,PERSEN,2023,18,32,SEMESTER II,0.0,POIN,26,32,PERDESAAN,5.65,PERSEN,310,32,3272,KOTA SUKABUMI,PEREMPUAN,74.83,POIN,7.62,"15,133,333,333,333,300"
506,32,JAWA BARAT,7.62,PERSEN,2023,18,32,SEMESTER II,0.0,POIN,26,32,PERDESAAN,5.65,PERSEN,311,32,3273,KOTA BANDUNG,LAKI-LAKI,86.53,POIN,7.62,"15,133,333,333,333,300"
506,32,JAWA BARAT,7.62,PERSEN,2023,18,32,SEMESTER II,0.0,POIN,26,32,PERDESAAN,5.65,PERSEN,312,32,3273,KOTA BANDUNG,PEREMPUAN,81.95,POIN,7.62,"15,133,333,333,333,300"
506,32,JAWA BARAT,7.62,PERSEN,2023,18,32,SEMESTER II,0.0,POIN,26,32,PERDESAAN,5.65,PERSEN,313,32,3274,KOTA CIREBON,LAKI-LAKI,79.4,POIN,7.62,"15,133,333,333,333,300"
506,32,JAWA BARAT,7.62,PERSEN,2023,18,32,SEMESTER II,0.0,POIN,26,32,PERDESAAN,5.65,PERSEN,314,32,3274,KOTA CIREBON,PEREMPUAN,75.87,POIN,7.62,"15,133,333,333,333,300"
506,32,JAWA BARAT,7.62,PERSEN,2023,18,32,SEMESTER II,0.0,POIN,26,32,PERDESAAN,5.65,PERSEN,315,32,3275,KOTA BEKASI,LAKI-LAKI,87.4,POIN,7.62,"15,133,333,333,333,300"
506,32,JAWA BARAT,7.62,PERSEN,2023,18,32,SEMESTER II,0.0,POIN,26,32,PERDESAAN,5.65,PERSEN,316,32,3275,KOTA BEKASI,PEREMPUAN,81.74,POIN,7.62,"15,133,333,333,333,300"
506,32,JAWA BARAT,7.62,PERSEN,2023,18,32,SEMESTER II,0.0,POIN,26,32,PERDESAAN,5.65,PERSEN,317,32,3276,KOTA DEPOK,LAKI-LAKI,86.58,POIN,7.62,"15,133,333,333,333,300"
506,32,JAWA BARAT,7.62,PERSEN,2023,18,32,SEMESTER II,0.0,POIN,26,32,PERDESAAN,5.65,PERSEN,318,32,3276,KOTA DEPOK,PEREMPUAN,80.9,POIN,7.62,"15,133,333,333,333,300"
506,32,JAWA BARAT,7.62,PERSEN,2023,18,32,SEMESTER II,0.0,POIN,26,32,PERDESAAN,5.65,PERSEN,319,32,3277,KOTA CIMAHI,LAKI-LAKI,83.65,POIN,7.62,"15,133,333,333,333,300"
506,32,JAWA BARAT,7.62,PERSEN,2023,18,32,SEMESTER II,0.0,POIN,26,32,PERDESAAN,5.65,PERSEN,320,32,3277,KOTA CIMAHI,PEREMPUAN,76.96,POIN,7.62,"15,133,333,333,333,300"
506,32,JAWA BARAT,7.62,PERSEN,2023,18,32,SEMESTER II,0.0,POIN,26,32,PERDESAAN,5.65,PERSEN,321,32,3278,KOTA TASIKMALAYA,LAKI-LAKI,77.55,POIN,7.62,"15,133,333,333,333,300"
506,32,JAWA BARAT,7.62,PERSEN,2023,18,32,SEMESTER II,0.0,POIN,26,32,PERDESAAN,5.65,PERSEN,322,32,3278,KOTA TASIKMALAYA,PEREMPUAN,71.45,POIN,7.62,"15,133,333,333,333,300"
506,32,JAWA BARAT,7.62,PERSEN,2023,18,32,SEMESTER II,0.0,POIN,26,32,PERDESAAN,5.65,PERSEN,323,32,3279,KOTA BANJAR,LAKI-LAKI,78.03,POIN,7.62,"15,133,333,333,333,300"
506,32,JAWA BARAT,7.62,PERSEN,2023,18,32,SEMESTER II,0.0,POIN,26,32,PERDESAAN,5.65,PERSEN,324,32,3279,KOTA BANJAR,PEREMPUAN,68.55,POIN,7.46,"15,133,333,333,333,300"
544,32,JAWA BARAT,7.46,PERSEN,2024,19,32,SEMESTER I,421,POIN,27,32,PERKOTAAN,6.98,PERSEN,325,32,3201,KABUPATEN BOGOR,LAKI-LAKI,77.04,POIN,7.46,"13,724,999,999,999,900"
544,32,JAWA BARAT,7.46,PERSEN,2024,19,32,SEMESTER I,421,POIN,27,32,PERKOTAAN,6.98,PERSEN,326,32,3201,KABUPATEN BOGOR,PEREMPUAN,69.47,POIN,7.46,"13,724,999,999,999,900"
544,32,JAWA BARAT,7.46,PERSEN,2024,19,32,SEMESTER I,421,POIN,27,32,PERKOTAAN,6.98,PERSEN,327,32,3202,KABUPATEN SUKABUMI,LAKI-LAKI,73.88,POIN,7.46,"13,724,999,999,999,900"
544,32,JAWA BARAT,7.46,PERSEN,2024,19,32,SEMESTER I,421,POIN,27,32,PERKOTAAN,6.98,PERSEN,328,32,3202,KABUPATEN SUKABUMI,PEREMPUAN,65.45,POIN,7.46,"13,724,999,999,999,900"
544,32,JAWA BARAT,7.46,PERSEN,2024,19,32,SEMESTER I,421,POIN,27,32,PERKOTAAN,6.98,PERSEN,329,32,3203,KABUPATEN CIANJUR,LAKI-LAKI,71.6,POIN,7.46,"13,724,999,999,999,900"
544,32,JAWA BARAT,7.46,PERSEN,2024,19,32,SEMESTER I,421,POIN,27,32,PERKOTAAN,6.98,PERSEN,330,32,3203,KABUPATEN CIANJUR,PEREMPUAN,61.18,POIN,7.46,"13,724,999,999,999,900"
544,32,JAWA BARAT,7.46,PERSEN,2024,19,32,SEMESTER I,421,POIN,27,32,PERKOTAAN,6.98,PERSEN,331,32,3204,KABUPATEN BANDUNG,LAKI-LAKI,77.16,POIN,7.46,"13,724,999,999,999,900"
544,32,JAWA BARAT,7.46,PERSEN,2024,19,32,SEMESTER I,421,POIN,27,32,PERKOTAAN,6.98,PERSEN,332,32,3204,KABUPATEN BANDUNG,PEREMPUAN,72.71,POIN,7.46,"13,724,999,999,999,900"
544,32,JAWA BARAT,7.46,PERSEN,2024,19,32,SEMESTER I,421,POIN,27,32,PERKOTAAN,6.98,PERSEN,333,32,3205,KABUPATEN GARUT,LAKI-LAKI,73.16,POIN,7.46,"13,724,999,999,999,900"
544,32,JAWA BARAT,7.46,PERSEN,2024,19,32,SEMESTER I,421,POIN,27,32,PERKOTAAN,6.98,PERSEN,334,32,3205,KABUPATEN GARUT,PEREMPUAN,61.09,POIN,7.46,"13,724,999,999,999,900"
544,32,JAWA BARAT,7.46,PERSEN,2024,19,32,SEMESTER I,421,POIN,27,32,PERKOTAAN,6.98,PERSEN,335,32,3206,KABUPATEN TASIKMALAYA,LAKI-LAKI,72.92,POIN,7.46,"13,724,999,999,999,900"
544,32,JAWA BARAT,7.46,PERSEN,2024,19,32,SEMESTER I,421,POIN,27,32,PERKOTAAN,6.98,PERSEN,336,32,3206,KABUPATEN TASIKMALAYA,PEREMPUAN,63.51,POIN,7.46,"13,724,999,999,999,900"
544,32,JAWA BARAT,7.46,PERSEN,2024,19,32,SEMESTER I,421,POIN,27,32,PERKOTAAN,6.98,PERSEN,337,32,3207,KABUPATEN CIAMIS,LAKI-LAKI,77.79,POIN,7.46,"13,724,999,999,999,900"
544,32,JAWA BARAT,7.46,PERSEN,2024,19,32,SEMESTER I,421,POIN,27,32,PERKOTAAN,6.98,PERSEN,338,32,3207,KABUPATEN CIAMIS,PEREMPUAN,68.05,POIN,7.46,"13,724,999,999,999,900"
544,32,JAWA BARAT,7.46,PERSEN,2024,19,32,SEMESTER I,421,POIN,27,32,PERKOTAAN,6.98,PERSEN,339,32,3208,KABUPATEN KUNINGAN,LAKI-LAKI,76.48,POIN,7.46,"13,724,999,999,999,900"
544,32,JAWA BARAT,7.46,PERSEN,2024,19,32,SEMESTER I,421,POIN,27,32,PERKOTAAN,6.98,PERSEN,340,32,3208,KABUPATEN KUNINGAN,PEREMPUAN,66.96,POIN,7.46,"13,724,999,999,999,900"
544,32,JAWA BARAT,7.46,PERSEN,2024,19,32,SEMESTER I,421,POIN,27,32,PERKOTAAN,6.98,PERSEN,341,32,3209,KABUPATEN CIREBON,LAKI-LAKI,76.04,POIN,7.46,"13,724,999,999,999,900"
544,32,JAWA BARAT,7.46,PERSEN,2024,19,32,SEMESTER I,421,POIN,27,32,PERKOTAAN,6.98,PERSEN,342,32,3209,KABUPATEN CIREBON,PEREMPUAN,64.44,POIN,7.46,"13,724,999,999,999,900"
544,32,JAWA BARAT,7.46,PERSEN,2024,19,32,SEMESTER I,421,POIN,27,32,PERKOTAAN,6.98,PERSEN,343,32,3210,KABUPATEN MAJALENGKA,LAKI-LAKI,74.15,POIN,7.46,"13,724,999,999,999,900"
544,32,JAWA BARAT,7.46,PERSEN,2024,19,32,SEMESTER I,421,POIN,27,32,PERKOTAAN,6.98,PERSEN,344,32,3210,KABUPATEN MAJALENGKA,PEREMPUAN,64.63,POIN,7.46,"13,724,999,999,999,900"
544,32,JAWA BARAT,7.46,PERSEN,2024,19,32,SEMESTER I,421,POIN,27,32,PERKOTAAN,6.98,PERSEN,345,32,3211,KABUPATEN SUMEDANG,LAKI-LAKI,76.89,POIN,7.46,"13,724,999,999,999,900"
544,32,JAWA BARAT,7.46,PERSEN,2024,19,32,SEMESTER I,421,POIN,27,32,PERKOTAAN,6.98,PERSEN,346,32,3211,KABUPATEN SUMEDANG,PEREMPUAN,73.47,POIN,7.46,"13,724,999,999,999,900"
544,32,JAWA BARAT,7.46,PERSEN,2024,19,32,SEMESTER I,421,POIN,27,32,PERKOTAAN,6.98,PERSEN,347,32,3212,KABUPATEN INDRAMAYU,LAKI-LAKI,74.1,POIN,7.46,"13,724,999,999,999,900"
544,32,JAWA BARAT,7.46,PERSEN,2024,19,32,SEMESTER I,421,POIN,27,32,PERKOTAAN,6.98,PERSEN,348,32,3212,KABUPATEN INDRAMAYU,PEREMPUAN,65.97,POIN,7.46,"13,724,999,999,999,900"
544,32,JAWA BARAT,7.46,PERSEN,2024,19,32,SEMESTER I,421,POIN,27,32,PERKOTAAN,6.98,PERSEN,349,32,3213,KABUPATEN SUBANG,LAKI-LAKI,74.95,POIN,7.46,"13,724,999,999,999,900"
544,32,JAWA BARAT,7.46,PERSEN,2024,19,32,SEMESTER I,421,POIN,27,32,PERKOTAAN,6.98,PERSEN,350,32,3213,KABUPATEN SUBANG,PEREMPUAN,68.62,POIN,7.46,"13,724,999,999,999,900"
544,32,JAWA BARAT,7.46,PERSEN,2024,19,32,SEMESTER I,421,POIN,27,32,PERKOTAAN,6.98,PERSEN,351,32,3214,KABUPATEN PURWAKARTA,LAKI-LAKI,77.55,POIN,7.46,"13,724,999,999,999,900"
544,32,JAWA BARAT,7.46,PERSEN,2024,19,32,SEMESTER I,421,POIN,27,32,PERKOTAAN,6.98,PERSEN,352,32,3214,KABUPATEN PURWAKARTA,PEREMPUAN,67.61,POIN,7.46,"13,724,999,999,999,900"
544,32,JAWA BARAT,7.46,PERSEN,2024,19,32,SEMESTER I,421,POIN,27,32,PERKOTAAN,6.98,PERSEN,353,32,3215,KABUPATEN KARAWANG,LAKI-LAKI,76.54,POIN,7.46,"13,724,999,999,999,900"
544,32,JAWA BARAT,7.46,PERSEN,2024,19,32,SEMESTER I,421,POIN,27,32,PERKOTAAN,6.98,PERSEN,354,32,3215,KABUPATEN KARAWANG,PEREMPUAN,69.83,POIN,7.46,"13,724,999,999,999,900"
544,32,JAWA BARAT,7.46,PERSEN,2024,19,32,SEMESTER I,421,POIN,27,32,PERKOTAAN,6.98,PERSEN,355,32,3216,KABUPATEN BEKASI,LAKI-LAKI,80.77,POIN,7.46,"13,724,999,999,999,900"
544,32,JAWA BARAT,7.46,PERSEN,2024,19,32,SEMESTER I,421,POIN,27,32,PERKOTAAN,6.98,PERSEN,356,32,3216,KABUPATEN BEKASI,PEREMPUAN,72.47,POIN,7.46,"13,724,999,999,999,900"
544,32,JAWA BARAT,7.46,PERSEN,2024,19,32,SEMESTER I,421,POIN,27,32,PERKOTAAN,6.98,PERSEN,357,32,3217,KABUPATEN BANDUNG BARAT,LAKI-LAKI,74.91,POIN,7.46,"13,724,999,999,999,900"
544,32,JAWA BARAT,7.46,PERSEN,2024,19,32,SEMESTER I,421,POIN,27,32,PERKOTAAN,6.98,PERSEN,358,32,3217,KABUPATEN BANDUNG BARAT,PEREMPUAN,60.69,POIN,7.46,"13,724,999,999,999,900"
544,32,JAWA BARAT,7.46,PERSEN,2024,19,32,SEMESTER I,421,POIN,27,32,PERKOTAAN,6.98,PERSEN,359,32,3218,KABUPATEN PANGANDARAN,LAKI-LAKI,74.0,POIN,7.46,"13,724,999,999,999,900"
544,32,JAWA BARAT,7.46,PERSEN,2024,19,32,SEMESTER I,421,POIN,27,32,PERKOTAAN,6.98,PERSEN,360,32,3218,KABUPATEN PANGANDARAN,PEREMPUAN,66.88,POIN,7.46,"13,724,999,999,999,900"
544,32,JAWA BARAT,7.46,PERSEN,2024,19,32,SEMESTER I,421,POIN,27,32,PERKOTAAN,6.98,PERSEN,361,32,3271,KOTA BOGOR,LAKI-LAKI,83.1,POIN,7.46,"13,724,999,999,999,900"
544,32,JAWA BARAT,7.46,PERSEN,2024,19,32,SEMESTER I,421,POIN,27,32,PERKOTAAN,6.98,PERSEN,362,32,3271,KOTA BOGOR,PEREMPUAN,75.84,POIN,7.46,"13,724,999,999,999,900"
544,32,JAWA BARAT,7.46,PERSEN,2024,19,32,SEMESTER I,421,POIN,27,32,PERKOTAAN,6.98,PERSEN,363,32,3272,KOTA SUKABUMI,LAKI-LAKI,81.49,POIN,7.46,"13,724,999,999,999,900"
544,32,JAWA BARAT,7.46,PERSEN,2024,19,32,SEMESTER I,421,POIN,27,32,PERKOTAAN,6.98,PERSEN,364,32,3272,KOTA SUKABUMI,PEREMPUAN,75.45,POIN,7.46,"13,724,999,999,999,900"
544,32,JAWA BARAT,7.46,PERSEN,2024,19,32,SEMESTER I,421,POIN,27,32,PERKOTAAN,6.98,PERSEN,365,32,3273,KOTA BANDUNG,LAKI-LAKI,86.94,POIN,7.46,"13,724,999,999,999,900"
544,32,JAWA BARAT,7.46,PERSEN,2024,19,32,SEMESTER I,421,POIN,27,32,PERKOTAAN,6.98,PERSEN,366,32,3273,KOTA BANDUNG,PEREMPUAN,82.48,POIN,7.46,"13,724,999,999,999,900"
544,32,JAWA BARAT,7.46,PERSEN,2024,19,32,SEMESTER I,421,POIN,27,32,PERKOTAAN,6.98,PERSEN,367,32,3274,KOTA CIREBON,LAKI-LAKI,79.95,POIN,7.46,"13,724,999,999,999,900"
544,32,JAWA BARAT,7.46,PERSEN,2024,19,32,SEMESTER I,421,POIN,27,32,PERKOTAAN,6.98,PERSEN,368,32,3274,KOTA CIREBON,PEREMPUAN,76.62,POIN,7.46,"13,724,999,999,999,900"
544,32,JAWA BARAT,7.46,PERSEN,2024,19,32,SEMESTER I,421,POIN,27,32,PERKOTAAN,6.98,PERSEN,369,32,3275,KOTA BEKASI,LAKI-LAKI,87.84,POIN,7.46,"13,724,999,999,999,900"
544,32,JAWA BARAT,7.46,PERSEN,2024,19,32,SEMESTER I,421,POIN,27,32,PERKOTAAN,6.98,PERSEN,370,32,3275,KOTA BEKASI,PEREMPUAN,82.24,POIN,7.46,"13,724,999,999,999,900"
544,32,JAWA BARAT,7.46,PERSEN,2024,19,32,SEMESTER I,421,POIN,27,32,PERKOTAAN,6.98,PERSEN,371,32,3276,KOTA DEPOK,LAKI-LAKI,86.99,POIN,7.46,"13,724,999,999,999,900"
544,32,JAWA BARAT,7.46,PERSEN,2024,19,32,SEMESTER I,421,POIN,27,32,PERKOTAAN,6.98,PERSEN,372,32,3276,KOTA DEPOK,PEREMPUAN,81.51,POIN,7.46,"13,724,999,999,999,900"
544,32,JAWA BARAT,7.46,PERSEN,2024,19,32,SEMESTER I,421,POIN,27,32,PERKOTAAN,6.98,PERSEN,373,32,3277,KOTA CIMAHI,LAKI-LAKI,84.21,POIN,7.46,"13,724,999,999,999,900"
544,32,JAWA BARAT,7.46,PERSEN,2024,19,32,SEMESTER I,421,POIN,27,32,PERKOTAAN,6.98,PERSEN,374,32,3277,KOTA CIMAHI,PEREMPUAN,77.71,POIN,7.46,"13,724,999,999,999,900"
544,32,JAWA BARAT,7.46,PERSEN,2024,19,32,SEMESTER I,421,POIN,27,32,PERKOTAAN,6.98,PERSEN,375,32,3278,KOTA TASIKMALAYA,LAKI-LAKI,78.11,POIN,7.46,"13,724,999,999,999,900"
544,32,JAWA BARAT,7.46,PERSEN,2024,19,32,SEMESTER I,421,POIN,27,32,PERKOTAAN,6.98,PERSEN,376,32,3278,KOTA TASIKMALAYA,PEREMPUAN,72.03,POIN,7.46,"13,724,999,999,999,900"
544,32,JAWA BARAT,7.46,PERSEN,2024,19,32,SEMESTER I,421,POIN,27,32,PERKOTAAN,6.98,PERSEN,377,32,3279,KOTA BANJAR,LAKI-LAKI,78.54,POIN,7.46,"13,724,999,999,999,900"
544,32,JAWA BARAT,7.46,PERSEN,2024,19,32,SEMESTER I,421,POIN,27,32,PERKOTAAN,6.98,PERSEN,378,32,3279,KOTA BANJAR,PEREMPUAN,69.21,POIN,7.46,"13,724,999,999,999,900"
544,32,JAWA BARAT,7.46,PERSEN,2024,19,32,SEMESTER I,421,POIN,28,32,PERDESAAN,5.84,PERSEN,325,32,3201,KABUPATEN BOGOR,LAKI-LAKI,77.04,POIN,7.46,"13,724,999,999,999,900"
544,32,JAWA BARAT,7.46,PERSEN,2024,19,32,SEMESTER I,421,POIN,28,32,PERDESAAN,5.84,PERSEN,326,32,3201,KABUPATEN BOGOR,PEREMPUAN,69.47,POIN,7.46,"13,724,999,999,999,900"
544,32,JAWA BARAT,7.46,PERSEN,2024,19,32,SEMESTER I,421,POIN,28,32,PERDESAAN,5.84,PERSEN,327,32,3202,KABUPATEN SUKABUMI,LAKI-LAKI,73.88,POIN,7.46,"13,724,999,999,999,900"
544,32,JAWA BARAT,7.46,PERSEN,2024,19,32,SEMESTER I,421,POIN,28,32,PERDESAAN,5.84,PERSEN,328,32,3202,KABUPATEN SUKABUMI,PEREMPUAN,65.45,POIN,7.46,"13,724,999,999,999,900"
544,32,JAWA BARAT,7.46,PERSEN,2024,19,32,SEMESTER I,421,POIN,28,32,PERDESAAN,5.84,PERSEN,329,32,3203,KABUPATEN CIANJUR,LAKI-LAKI,71.6,POIN,7.46,"13,724,999,999,999,900"
544,32,JAWA BARAT,7.46,PERSEN,2024,19,32,SEMESTER I,421,POIN,28,32,PERDESAAN,5.84,PERSEN,330,32,3203,KABUPATEN CIANJUR,PEREMPUAN,61.18,POIN,7.46,"13,724,999,999,999,900"
544,32,JAWA BARAT,7.46,PERSEN,2024,19,32,SEMESTER I,421,POIN,28,32,PERDESAAN,5.84,PERSEN,331,32,3204,KABUPATEN BANDUNG,LAKI-LAKI,77.16,POIN,7.46,"13,724,999,999,999,900"
544,32,JAWA BARAT,7.46,PERSEN,2024,19,32,SEMESTER I,421,POIN,28,32,PERDESAAN,5.84,PERSEN,332,32,3204,KABUPATEN BANDUNG,PEREMPUAN,72.71,POIN,7.46,"13,724,999,999,999,900"
544,32,JAWA BARAT,7.46,PERSEN,2024,19,32,SEMESTER I,421,POIN,28,32,PERDESAAN,5.84,PERSEN,333,32,3205,KABUPATEN GARUT,LAKI-LAKI,73.16,POIN,7.46,"13,724,999,999,999,900"
544,32,JAWA BARAT,7.46,PERSEN,2024,19,32,SEMESTER I,421,POIN,28,32,PERDESAAN,5.84,PERSEN,334,32,3205,KABUPATEN GARUT,PEREMPUAN,61.09,POIN,7.46,"13,724,999,999,999,900"
544,32,JAWA BARAT,7.46,PERSEN,2024,19,32,SEMESTER I,421,POIN,28,32,PERDESAAN,5.84,PERSEN,335,32,3206,KABUPATEN TASIKMALAYA,LAKI-LAKI,72.92,POIN,7.46,"13,724,999,999,999,900"
544,32,JAWA BARAT,7.46,PERSEN,2024,19,32,SEMESTER I,421,POIN,28,32,PERDESAAN,5.84,PERSEN,336,32,3206,KABUPATEN TASIKMALAYA,PEREMPUAN,63.51,POIN,7.46,"13,724,999,999,999,900"
544,32,JAWA BARAT,7.46,PERSEN,2024,19,32,SEMESTER I,421,POIN,28,32,PERDESAAN,5.84,PERSEN,337,32,3207,KABUPATEN CIAMIS,LAKI-LAKI,77.79,POIN,7.46,"13,724,999,999,999,900"
544,32,JAWA BARAT,7.46,PERSEN,2024,19,32,SEMESTER I,421,POIN,28,32,PERDESAAN,5.84,PERSEN,338,32,3207,KABUPATEN CIAMIS,PEREMPUAN,68.05,POIN,7.46,"13,724,999,999,999,900"
544,32,JAWA BARAT,7.46,PERSEN,2024,19,32,SEMESTER I,421,POIN,28,32,PERDESAAN,5.84,PERSEN,339,32,3208,KABUPATEN KUNINGAN,LAKI-LAKI,76.48,POIN,7.46,"13,724,999,999,999,900"
544,32,JAWA BARAT,7.46,PERSEN,2024,19,32,SEMESTER I,421,POIN,28,32,PERDESAAN,5.84,PERSEN,340,32,3208,KABUPATEN KUNINGAN,PEREMPUAN,66.96,POIN,7.46,"13,724,999,999,999,900"
544,32,JAWA BARAT,7.46,PERSEN,2024,19,32,SEMESTER I,421,POIN,28,32,PERDESAAN,5.84,PERSEN,341,32,3209,KABUPATEN CIREBON,LAKI-LAKI,76.04,POIN,7.46,"13,724,999,999,999,900"
544,32,JAWA BARAT,7.46,PERSEN,2024,19,32,SEMESTER I,421,POIN,28,32,PERDESAAN,5.84,PERSEN,342,32,3209,KABUPATEN CIREBON,PEREMPUAN,64.44,POIN,7.46,"13,724,999,999,999,900"
544,32,JAWA BARAT,7.46,PERSEN,2024,19,32,SEMESTER I,421,POIN,28,32,PERDESAAN,5.84,PERSEN,343,32,3210,KABUPATEN MAJALENGKA,LAKI-LAKI,74.15,POIN,7.46,"13,724,999,999,999,900"
544,32,JAWA BARAT,7.46,PERSEN,2024,19,32,SEMESTER I,421,POIN,28,32,PERDESAAN,5.84,PERSEN,344,32,3210,KABUPATEN MAJALENGKA,PEREMPUAN,64.63,POIN,7.46,"13,724,999,999,999,900"
544,32,JAWA BARAT,7.46,PERSEN,2024,19,32,SEMESTER I,421,POIN,28,32,PERDESAAN,5.84,PERSEN,345,32,3211,KABUPATEN SUMEDANG,LAKI-LAKI,76.89,POIN,7.46,"13,724,999,999,999,900"
544,32,JAWA BARAT,7.46,PERSEN,2024,19,32,SEMESTER I,421,POIN,28,32,PERDESAAN,5.84,PERSEN,346,32,3211,KABUPATEN SUMEDANG,PEREMPUAN,73.47,POIN,7.46,"13,724,999,999,999,900"
544,32,JAWA BARAT,7.46,PERSEN,2024,19,32,SEMESTER I,421,POIN,28,32,PERDESAAN,5.84,PERSEN,347,32,3212,KABUPATEN INDRAMAYU,LAKI-LAKI,74.1,POIN,7.46,"13,724,999,999,999,900"
544,32,JAWA BARAT,7.46,PERSEN,2024,19,32,SEMESTER I,421,POIN,28,32,PERDESAAN,5.84,PERSEN,348,32,3212,KABUPATEN INDRAMAYU,PEREMPUAN,65.97,POIN,7.46,"13,724,999,999,999,900"
544,32,JAWA BARAT,7.46,PERSEN,2024,19,32,SEMESTER I,421,POIN,28,32,PERDESAAN,5.84,PERSEN,349,32,3213,KABUPATEN SUBANG,LAKI-LAKI,74.95,POIN,7.46,"13,724,999,999,999,900"
544,32,JAWA BARAT,7.46,PERSEN,2024,19,32,SEMESTER I,421,POIN,28,32,PERDESAAN,5.84,PERSEN,350,32,3213,KABUPATEN SUBANG,PEREMPUAN,68.62,POIN,7.46,"13,724,999,999,999,900"
544,32,JAWA BARAT,7.46,PERSEN,2024,19,32,SEMESTER I,421,POIN,28,32,PERDESAAN,5.84,PERSEN,351,32,3214,KABUPATEN PURWAKARTA,LAKI-LAKI,77.55,POIN,7.46,"13,724,999,999,999,900"
544,32,JAWA BARAT,7.46,PERSEN,2024,19,32,SEMESTER I,421,POIN,28,32,PERDESAAN,5.84,PERSEN,352,32,3214,KABUPATEN PURWAKARTA,PEREMPUAN,67.61,POIN,7.46,"13,724,999,999,999,900"
544,32,JAWA BARAT,7.46,PERSEN,2024,19,32,SEMESTER I,421,POIN,28,32,PERDESAAN,5.84,PERSEN,353,32,3215,KABUPATEN KARAWANG,LAKI-LAKI,76.54,POIN,7.46,"13,724,999,999,999,900"
544,32,JAWA BARAT,7.46,PERSEN,2024,19,32,SEMESTER I,421,POIN,28,32,PERDESAAN,5.84,PERSEN,354,32,3215,KABUPATEN KARAWANG,PEREMPUAN,69.83,POIN,7.46,"13,724,999,999,999,900"
544,32,JAWA BARAT,7.46,PERSEN,2024,19,32,SEMESTER I,421,POIN,28,32,PERDESAAN,5.84,PERSEN,355,32,3216,KABUPATEN BEKASI,LAKI-LAKI,80.77,POIN,7.46,"13,724,999,999,999,900"
544,32,JAWA BARAT,7.46,PERSEN,2024,19,32,SEMESTER I,421,POIN,28,32,PERDESAAN,5.84,PERSEN,356,32,3216,KABUPATEN BEKASI,PEREMPUAN,72.47,POIN,7.46,"13,724,999,999,999,900"
544,32,JAWA BARAT,7.46,PERSEN,2024,19,32,SEMESTER I,421,POIN,28,32,PERDESAAN,5.84,PERSEN,357,32,3217,KABUPATEN BANDUNG BARAT,LAKI-LAKI,74.91,POIN,7.46,"13,724,999,999,999,900"
544,32,JAWA BARAT,7.46,PERSEN,2024,19,32,SEMESTER I,421,POIN,28,32,PERDESAAN,5.84,PERSEN,358,32,3217,KABUPATEN BANDUNG BARAT,PEREMPUAN,60.69,POIN,7.46,"13,724,999,999,999,900"
544,32,JAWA BARAT,7.46,PERSEN,2024,19,32,SEMESTER I,421,POIN,28,32,PERDESAAN,5.84,PERSEN,359,32,3218,KABUPATEN PANGANDARAN,LAKI-LAKI,74.0,POIN,7.46,"13,724,999,999,999,900"
544,32,JAWA BARAT,7.46,PERSEN,2024,19,32,SEMESTER I,421,POIN,28,32,PERDESAAN,5.84,PERSEN,360,32,3218,KABUPATEN PANGANDARAN,PEREMPUAN,66.88,POIN,7.46,"13,724,999,999,999,900"
544,32,JAWA BARAT,7.46,PERSEN,2024,19,32,SEMESTER I,421,POIN,28,32,PERDESAAN,5.84,PERSEN,361,32,3271,KOTA BOGOR,LAKI-LAKI,83.1,POIN,7.46,"13,724,999,999,999,900"
544,32,JAWA BARAT,7.46,PERSEN,2024,19,32,SEMESTER I,421,POIN,28,32,PERDESAAN,5.84,PERSEN,362,32,3271,KOTA BOGOR,PEREMPUAN,75.84,POIN,7.46,"13,724,999,999,999,900"
544,32,JAWA BARAT,7.46,PERSEN,2024,19,32,SEMESTER I,421,POIN,28,32,PERDESAAN,5.84,PERSEN,363,32,3272,KOTA SUKABUMI,LAKI-LAKI,81.49,POIN,7.46,"13,724,999,999,999,900"
544,32,JAWA BARAT,7.46,PERSEN,2024,19,32,SEMESTER I,421,POIN,28,32,PERDESAAN,5.84,PERSEN,364,32,3272,KOTA SUKABUMI,PEREMPUAN,75.45,POIN,7.46,"13,724,999,999,999,900"
544,32,JAWA BARAT,7.46,PERSEN,2024,19,32,SEMESTER I,421,POIN,28,32,PERDESAAN,5.84,PERSEN,365,32,3273,KOTA BANDUNG,LAKI-LAKI,86.94,POIN,7.46,"13,724,999,999,999,900"
544,32,JAWA BARAT,7.46,PERSEN,2024,19,32,SEMESTER I,421,POIN,28,32,PERDESAAN,5.84,PERSEN,366,32,3273,KOTA BANDUNG,PEREMPUAN,82.48,POIN,7.46,"13,724,999,999,999,900"
544,32,JAWA BARAT,7.46,PERSEN,2024,19,32,SEMESTER I,421,POIN,28,32,PERDESAAN,5.84,PERSEN,367,32,3274,KOTA CIREBON,LAKI-LAKI,79.95,POIN,7.46,"13,724,999,999,999,900"
544,32,JAWA BARAT,7.46,PERSEN,2024,19,32,SEMESTER I,421,POIN,28,32,PERDESAAN,5.84,PERSEN,368,32,3274,KOTA CIREBON,PEREMPUAN,76.62,POIN,7.46,"13,724,999,999,999,900"
544,32,JAWA BARAT,7.46,PERSEN,2024,19,32,SEMESTER I,421,POIN,28,32,PERDESAAN,5.84,PERSEN,369,32,3275,KOTA BEKASI,LAKI-LAKI,87.84,POIN,7.46,"13,724,999,999,999,900"
544,32,JAWA BARAT,7.46,PERSEN,2024,19,32,SEMESTER I,421,POIN,28,32,PERDESAAN,5.84,PERSEN,370,32,3275,KOTA BEKASI,PEREMPUAN,82.24,POIN,7.46,"13,724,999,999,999,900"
544,32,JAWA BARAT,7.46,PERSEN,2024,19,32,SEMESTER I,421,POIN,28,32,PERDESAAN,5.84,PERSEN,371,32,3276,KOTA DEPOK,LAKI-LAKI,86.99,POIN,7.46,"13,724,999,999,999,900"
544,32,JAWA BARAT,7.46,PERSEN,2024,19,32,SEMESTER I,421,POIN,28,32,PERDESAAN,5.84,PERSEN,372,32,3276,KOTA DEPOK,PEREMPUAN,81.51,POIN,7.46,"13,724,999,999,999,900"
544,32,JAWA BARAT,7.46,PERSEN,2024,19,32,SEMESTER I,421,POIN,28,32,PERDESAAN,5.84,PERSEN,373,32,3277,KOTA CIMAHI,LAKI-LAKI,84.21,POIN,7.46,"13,724,999,999,999,900"
544,32,JAWA BARAT,7.46,PERSEN,2024,19,32,SEMESTER I,421,POIN,28,32,PERDESAAN,5.84,PERSEN,374,32,3277,KOTA CIMAHI,PEREMPUAN,77.71,POIN,7.46,"13,724,999,999,999,900"
544,32,JAWA BARAT,7.46,PERSEN,2024,19,32,SEMESTER I,421,POIN,28,32,PERDESAAN,5.84,PERSEN,375,32,3278,KOTA TASIKMALAYA,LAKI-LAKI,78.11,POIN,7.46,"13,724,999,999,999,900"
544,32,JAWA BARAT,7.46,PERSEN,2024,19,32,SEMESTER I,421,POIN,28,32,PERDESAAN,5.84,PERSEN,376,32,3278,KOTA TASIKMALAYA,PEREMPUAN,72.03,POIN,7.46,"13,724,999,999,999,900"
544,32,JAWA BARAT,7.46,PERSEN,2024,19,32,SEMESTER I,421,POIN,28,32,PERDESAAN,5.84,PERSEN,377,32,3279,KOTA BANJAR,LAKI-LAKI,78.54,POIN,7.46,"13,724,999,999,999,900"
544,32,JAWA BARAT,7.46,PERSEN,2024,19,32,SEMESTER I,421,POIN,28,32,PERDESAAN,5.84,PERSEN,378,32,3279,KOTA BANJAR,PEREMPUAN,69.21,POIN,7.46,"13,724,999,999,999,900"
544,32,JAWA BARAT,7.46,PERSEN,2024,20,32,SEMESTER II,428,POIN,27,32,PERKOTAAN,6.98,PERSEN,325,32,3201,KABUPATEN BOGOR,LAKI-LAKI,77.04,POIN,7.46,"13,724,999,999,999,900"
544,32,JAWA BARAT,7.46,PERSEN,2024,20,32,SEMESTER II,428,POIN,27,32,PERKOTAAN,6.98,PERSEN,326,32,3201,KABUPATEN BOGOR,PEREMPUAN,69.47,POIN,7.46,"13,724,999,999,999,900"
544,32,JAWA BARAT,7.46,PERSEN,2024,20,32,SEMESTER II,428,POIN,27,32,PERKOTAAN,6.98,PERSEN,327,32,3202,KABUPATEN SUKABUMI,LAKI-LAKI,73.88,POIN,7.46,"13,724,999,999,999,900"
544,32,JAWA BARAT,7.46,PERSEN,2024,20,32,SEMESTER II,428,POIN,27,32,PERKOTAAN,6.98,PERSEN,328,32,3202,KABUPATEN SUKABUMI,PEREMPUAN,65.45,POIN,7.46,"13,724,999,999,999,900"
544,32,JAWA BARAT,7.46,PERSEN,2024,20,32,SEMESTER II,428,POIN,27,32,PERKOTAAN,6.98,PERSEN,329,32,3203,KABUPATEN CIANJUR,LAKI-LAKI,71.6,POIN,7.46,"13,724,999,999,999,900"
544,32,JAWA BARAT,7.46,PERSEN,2024,20,32,SEMESTER II,428,POIN,27,32,PERKOTAAN,6.98,PERSEN,330,32,3203,KABUPATEN CIANJUR,PEREMPUAN,61.18,POIN,7.46,"13,724,999,999,999,900"
544,32,JAWA BARAT,7.46,PERSEN,2024,20,32,SEMESTER II,428,POIN,27,32,PERKOTAAN,6.98,PERSEN,331,32,3204,KABUPATEN BANDUNG,LAKI-LAKI,77.16,POIN,7.46,"13,724,999,999,999,900"
544,32,JAWA BARAT,7.46,PERSEN,2024,20,32,SEMESTER II,428,POIN,27,32,PERKOTAAN,6.98,PERSEN,332,32,3204,KABUPATEN BANDUNG,PEREMPUAN,72.71,POIN,7.46,"13,724,999,999,999,900"
544,32,JAWA BARAT,7.46,PERSEN,2024,20,32,SEMESTER II,428,POIN,27,32,PERKOTAAN,6.98,PERSEN,333,32,3205,KABUPATEN GARUT,LAKI-LAKI,73.16,POIN,7.46,"13,724,999,999,999,900"
544,32,JAWA BARAT,7.46,PERSEN,2024,20,32,SEMESTER II,428,POIN,27,32,PERKOTAAN,6.98,PERSEN,334,32,3205,KABUPATEN GARUT,PEREMPUAN,61.09,POIN,7.46,"13,724,999,999,999,900"
544,32,JAWA BARAT,7.46,PERSEN,2024,20,32,SEMESTER II,428,POIN,27,32,PERKOTAAN,6.98,PERSEN,335,32,3206,KABUPATEN TASIKMALAYA,LAKI-LAKI,72.92,POIN,7.46,"13,724,999,999,999,900"
544,32,JAWA BARAT,7.46,PERSEN,2024,20,32,SEMESTER II,428,POIN,27,32,PERKOTAAN,6.98,PERSEN,336,32,3206,KABUPATEN TASIKMALAYA,PEREMPUAN,63.51,POIN,7.46,"13,724,999,999,999,900"
544,32,JAWA BARAT,7.46,PERSEN,2024,20,32,SEMESTER II,428,POIN,27,32,PERKOTAAN,6.98,PERSEN,337,32,3207,KABUPATEN CIAMIS,LAKI-LAKI,77.79,POIN,7.46,"13,724,999,999,999,900"
544,32,JAWA BARAT,7.46,PERSEN,2024,20,32,SEMESTER II,428,POIN,27,32,PERKOTAAN,6.98,PERSEN,338,32,3207,KABUPATEN CIAMIS,PEREMPUAN,68.05,POIN,7.46,"13,724,999,999,999,900"
544,32,JAWA BARAT,7.46,PERSEN,2024,20,32,SEMESTER II,428,POIN,27,32,PERKOTAAN,6.98,PERSEN,339,32,3208,KABUPATEN KUNINGAN,LAKI-LAKI,76.48,POIN,7.46,"13,724,999,999,999,900"
544,32,JAWA BARAT,7.46,PERSEN,2024,20,32,SEMESTER II,428,POIN,27,32,PERKOTAAN,6.98,PERSEN,340,32,3208,KABUPATEN KUNINGAN,PEREMPUAN,66.96,POIN,7.46,"13,724,999,999,999,900"
544,32,JAWA BARAT,7.46,PERSEN,2024,20,32,SEMESTER II,428,POIN,27,32,PERKOTAAN,6.98,PERSEN,341,32,3209,KABUPATEN CIREBON,LAKI-LAKI,76.04,POIN,7.46,"13,724,999,999,999,900"
544,32,JAWA BARAT,7.46,PERSEN,2024,20,32,SEMESTER II,428,POIN,27,32,PERKOTAAN,6.98,PERSEN,342,32,3209,KABUPATEN CIREBON,PEREMPUAN,64.44,POIN,7.46,"13,724,999,999,999,900"
544,32,JAWA BARAT,7.46,PERSEN,2024,20,32,SEMESTER II,428,POIN,27,32,PERKOTAAN,6.98,PERSEN,343,32,3210,KABUPATEN MAJALENGKA,LAKI-LAKI,74.15,POIN,7.46,"13,724,999,999,999,900"
544,32,JAWA BARAT,7.46,PERSEN,2024,20,32,SEMESTER II,428,POIN,27,32,PERKOTAAN,6.98,PERSEN,344,32,3210,KABUPATEN MAJALENGKA,PEREMPUAN,64.63,POIN,7.46,"13,724,999,999,999,900"
544,32,JAWA BARAT,7.46,PERSEN,2024,20,32,SEMESTER II,428,POIN,27,32,PERKOTAAN,6.98,PERSEN,345,32,3211,KABUPATEN SUMEDANG,LAKI-LAKI,76.89,POIN,7.46,"13,724,999,999,999,900"
544,32,JAWA BARAT,7.46,PERSEN,2024,20,32,SEMESTER II,428,POIN,27,32,PERKOTAAN,6.98,PERSEN,346,32,3211,KABUPATEN SUMEDANG,PEREMPUAN,73.47,POIN,7.46,"13,724,999,999,999,900"
544,32,JAWA BARAT,7.46,PERSEN,2024,20,32,SEMESTER II,428,POIN,27,32,PERKOTAAN,6.98,PERSEN,347,32,3212,KABUPATEN INDRAMAYU,LAKI-LAKI,74.1,POIN,7.46,"13,724,999,999,999,900"
544,32,JAWA BARAT,7.46,PERSEN,2024,20,32,SEMESTER II,428,POIN,27,32,PERKOTAAN,6.98,PERSEN,348,32,3212,KABUPATEN INDRAMAYU,PEREMPUAN,65.97,POIN,7.46,"13,724,999,999,999,900"
544,32,JAWA BARAT,7.46,PERSEN,2024,20,32,SEMESTER II,428,POIN,27,32,PERKOTAAN,6.98,PERSEN,349,32,3213,KABUPATEN SUBANG,LAKI-LAKI,74.95,POIN,7.46,"13,724,999,999,999,900"
544,32,JAWA BARAT,7.46,PERSEN,2024,20,32,SEMESTER II,428,POIN,27,32,PERKOTAAN,6.98,PERSEN,350,32,3213,KABUPATEN SUBANG,PEREMPUAN,68.62,POIN,7.46,"13,724,999,999,999,900"
544,32,JAWA BARAT,7.46,PERSEN,2024,20,32,SEMESTER II,428,POIN,27,32,PERKOTAAN,6.98,PERSEN,351,32,3214,KABUPATEN PURWAKARTA,LAKI-LAKI,77.55,POIN,7.46,"13,724,999,999,999,900"
544,32,JAWA BARAT,7.46,PERSEN,2024,20,32,SEMESTER II,428,POIN,27,32,PERKOTAAN,6.98,PERSEN,352,32,3214,KABUPATEN PURWAKARTA,PEREMPUAN,67.61,POIN,7.46,"13,724,999,999,999,900"
544,32,JAWA BARAT,7.46,PERSEN,2024,20,32,SEMESTER II,428,POIN,27,32,PERKOTAAN,6.98,PERSEN,353,32,3215,KABUPATEN KARAWANG,LAKI-LAKI,76.54,POIN,7.46,"13,724,999,999,999,900"
544,32,JAWA BARAT,7.46,PERSEN,2024,20,32,SEMESTER II,428,POIN,27,32,PERKOTAAN,6.98,PERSEN,354,32,3215,KABUPATEN KARAWANG,PEREMPUAN,69.83,POIN,7.46,"13,724,999,999,999,900"
544,32,JAWA BARAT,7.46,PERSEN,2024,20,32,SEMESTER II,428,POIN,27,32,PERKOTAAN,6.98,PERSEN,355,32,3216,KABUPATEN BEKASI,LAKI-LAKI,80.77,POIN,7.46,"13,724,999,999,999,900"
544,32,JAWA BARAT,7.46,PERSEN,2024,20,32,SEMESTER II,428,POIN,27,32,PERKOTAAN,6.98,PERSEN,356,32,3216,KABUPATEN BEKASI,PEREMPUAN,72.47,POIN,7.46,"13,724,999,999,999,900"
544,32,JAWA BARAT,7.46,PERSEN,2024,20,32,SEMESTER II,428,POIN,27,32,PERKOTAAN,6.98,PERSEN,357,32,3217,KABUPATEN BANDUNG BARAT,LAKI-LAKI,74.91,POIN,7.46,"13,724,999,999,999,900"
544,32,JAWA BARAT,7.46,PERSEN,2024,20,32,SEMESTER II,428,POIN,27,32,PERKOTAAN,6.98,PERSEN,358,32,3217,KABUPATEN BANDUNG BARAT,PEREMPUAN,60.69,POIN,7.46,"13,724,999,999,999,900"
544,32,JAWA BARAT,7.46,PERSEN,2024,20,32,SEMESTER II,428,POIN,27,32,PERKOTAAN,6.98,PERSEN,359,32,3218,KABUPATEN PANGANDARAN,LAKI-LAKI,74.0,POIN,7.46,"13,724,999,999,999,900"
544,32,JAWA BARAT,7.46,PERSEN,2024,20,32,SEMESTER II,428,POIN,27,32,PERKOTAAN,6.98,PERSEN,360,32,3218,KABUPATEN PANGANDARAN,PEREMPUAN,66.88,POIN,7.46,"13,724,999,999,999,900"
544,32,JAWA BARAT,7.46,PERSEN,2024,20,32,SEMESTER II,428,POIN,27,32,PERKOTAAN,6.98,PERSEN,361,32,3271,KOTA BOGOR,LAKI-LAKI,83.1,POIN,7.46,"13,724,999,999,999,900"
544,32,JAWA BARAT,7.46,PERSEN,2024,20,32,SEMESTER II,428,POIN,27,32,PERKOTAAN,6.98,PERSEN,362,32,3271,KOTA BOGOR,PEREMPUAN,75.84,POIN,7.46,"13,724,999,999,999,900"
544,32,JAWA BARAT,7.46,PERSEN,2024,20,32,SEMESTER II,428,POIN,27,32,PERKOTAAN,6.98,PERSEN,363,32,3272,KOTA SUKABUMI,LAKI-LAKI,81.49,POIN,7.46,"13,724,999,999,999,900"
544,32,JAWA BARAT,7.46,PERSEN,2024,20,32,SEMESTER II,428,POIN,27,32,PERKOTAAN,6.98,PERSEN,364,32,3272,KOTA SUKABUMI,PEREMPUAN,75.45,POIN,7.46,"13,724,999,999,999,900"
544,32,JAWA BARAT,7.46,PERSEN,2024,20,32,SEMESTER II,428,POIN,27,32,PERKOTAAN,6.98,PERSEN,365,32,3273,KOTA BANDUNG,LAKI-LAKI,86.94,POIN,7.46,"13,724,999,999,999,900"
544,32,JAWA BARAT,7.46,PERSEN,2024,20,32,SEMESTER II,428,POIN,27,32,PERKOTAAN,6.98,PERSEN,366,32,3273,KOTA BANDUNG,PEREMPUAN,82.48,POIN,7.46,"13,724,999,999,999,900"
544,32,JAWA BARAT,7.46,PERSEN,2024,20,32,SEMESTER II,428,POIN,27,32,PERKOTAAN,6.98,PERSEN,367,32,3274,KOTA CIREBON,LAKI-LAKI,79.95,POIN,7.46,"13,724,999,999,999,900"
544,32,JAWA BARAT,7.46,PERSEN,2024,20,32,SEMESTER II,428,POIN,27,32,PERKOTAAN,6.98,PERSEN,368,32,3274,KOTA CIREBON,PEREMPUAN,76.62,POIN,7.46,"13,724,999,999,999,900"
544,32,JAWA BARAT,7.46,PERSEN,2024,20,32,SEMESTER II,428,POIN,27,32,PERKOTAAN,6.98,PERSEN,369,32,3275,KOTA BEKASI,LAKI-LAKI,87.84,POIN,7.46,"13,724,999,999,999,900"
544,32,JAWA BARAT,7.46,PERSEN,2024,20,32,SEMESTER II,428,POIN,27,32,PERKOTAAN,6.98,PERSEN,370,32,3275,KOTA BEKASI,PEREMPUAN,82.24,POIN,7.46,"13,724,999,999,999,900"
544,32,JAWA BARAT,7.46,PERSEN,2024,20,32,SEMESTER II,428,POIN,27,32,PERKOTAAN,6.98,PERSEN,371,32,3276,KOTA DEPOK,LAKI-LAKI,86.99,POIN,7.46,"13,724,999,999,999,900"
544,32,JAWA BARAT,7.46,PERSEN,2024,20,32,SEMESTER II,428,POIN,27,32,PERKOTAAN,6.98,PERSEN,372,32,3276,KOTA DEPOK,PEREMPUAN,81.51,POIN,7.46,"13,724,999,999,999,900"
544,32,JAWA BARAT,7.46,PERSEN,2024,20,32,SEMESTER II,428,POIN,27,32,PERKOTAAN,6.98,PERSEN,373,32,3277,KOTA CIMAHI,LAKI-LAKI,84.21,POIN,7.46,"13,724,999,999,999,900"
544,32,JAWA BARAT,7.46,PERSEN,2024,20,32,SEMESTER II,428,POIN,27,32,PERKOTAAN,6.98,PERSEN,374,32,3277,KOTA CIMAHI,PEREMPUAN,77.71,POIN,7.46,"13,724,999,999,999,900"
544,32,JAWA BARAT,7.46,PERSEN,2024,20,32,SEMESTER II,428,POIN,27,32,PERKOTAAN,6.98,PERSEN,375,32,3278,KOTA TASIKMALAYA,LAKI-LAKI,78.11,POIN,7.46,"13,724,999,999,999,900"
544,32,JAWA BARAT,7.46,PERSEN,2024,20,32,SEMESTER II,428,POIN,27,32,PERKOTAAN,6.98,PERSEN,376,32,3278,KOTA TASIKMALAYA,PEREMPUAN,72.03,POIN,7.46,"13,724,999,999,999,900"
544,32,JAWA BARAT,7.46,PERSEN,2024,20,32,SEMESTER II,428,POIN,27,32,PERKOTAAN,6.98,PERSEN,377,32,3279,KOTA BANJAR,LAKI-LAKI,78.54,POIN,7.46,"13,724,999,999,999,900"
544,32,JAWA BARAT,7.46,PERSEN,2024,20,32,SEMESTER II,428,POIN,27,32,PERKOTAAN,6.98,PERSEN,378,32,3279,KOTA BANJAR,PEREMPUAN,69.21,POIN,7.46,"13,724,999,999,999,900"
544,32,JAWA BARAT,7.46,PERSEN,2024,20,32,SEMESTER II,428,POIN,28,32,PERDESAAN,5.84,PERSEN,325,32,3201,KABUPATEN BOGOR,LAKI-LAKI,77.04,POIN,7.46,"13,724,999,999,999,900"
544,32,JAWA BARAT,7.46,PERSEN,2024,20,32,SEMESTER II,428,POIN,28,32,PERDESAAN,5.84,PERSEN,326,32,3201,KABUPATEN BOGOR,PEREMPUAN,69.47,POIN,7.46,"13,724,999,999,999,900"
544,32,JAWA BARAT,7.46,PERSEN,2024,20,32,SEMESTER II,428,POIN,28,32,PERDESAAN,5.84,PERSEN,327,32,3202,KABUPATEN SUKABUMI,LAKI-LAKI,73.88,POIN,7.46,"13,724,999,999,999,900"
544,32,JAWA BARAT,7.46,PERSEN,2024,20,32,SEMESTER II,428,POIN,28,32,PERDESAAN,5.84,PERSEN,328,32,3202,KABUPATEN SUKABUMI,PEREMPUAN,65.45,POIN,7.46,"13,724,999,999,999,900"
544,32,JAWA BARAT,7.46,PERSEN,2024,20,32,SEMESTER II,428,POIN,28,32,PERDESAAN,5.84,PERSEN,329,32,3203,KABUPATEN CIANJUR,LAKI-LAKI,71.6,POIN,7.46,"13,724,999,999,999,900"
544,32,JAWA BARAT,7.46,PERSEN,2024,20,32,SEMESTER II,428,POIN,28,32,PERDESAAN,5.84,PERSEN,330,32,3203,KABUPATEN CIANJUR,PEREMPUAN,61.18,POIN,7.46,"13,724,999,999,999,900"
544,32,JAWA BARAT,7.46,PERSEN,2024,20,32,SEMESTER II,428,POIN,28,32,PERDESAAN,5.84,PERSEN,331,32,3204,KABUPATEN BANDUNG,LAKI-LAKI,77.16,POIN,7.46,"13,724,999,999,999,900"
544,32,JAWA BARAT,7.46,PERSEN,2024,20,32,SEMESTER II,428,POIN,28,32,PERDESAAN,5.84,PERSEN,332,32,3204,KABUPATEN BANDUNG,PEREMPUAN,72.71,POIN,7.46,"13,724,999,999,999,900"
544,32,JAWA BARAT,7.46,PERSEN,2024,20,32,SEMESTER II,428,POIN,28,32,PERDESAAN,5.84,PERSEN,333,32,3205,KABUPATEN GARUT,LAKI-LAKI,73.16,POIN,7.46,"13,724,999,999,999,900"
544,32,JAWA BARAT,7.46,PERSEN,2024,20,32,SEMESTER II,428,POIN,28,32,PERDESAAN,5.84,PERSEN,334,32,3205,KABUPATEN GARUT,PEREMPUAN,61.09,POIN,7.46,"13,724,999,999,999,900"
544,32,JAWA BARAT,7.46,PERSEN,2024,20,32,SEMESTER II,428,POIN,28,32,PERDESAAN,5.84,PERSEN,335,32,3206,KABUPATEN TASIKMALAYA,LAKI-LAKI,72.92,POIN,7.46,"13,724,999,999,999,900"
544,32,JAWA BARAT,7.46,PERSEN,2024,20,32,SEMESTER II,428,POIN,28,32,PERDESAAN,5.84,PERSEN,336,32,3206,KABUPATEN TASIKMALAYA,PEREMPUAN,63.51,POIN,7.46,"13,724,999,999,999,900"
544,32,JAWA BARAT,7.46,PERSEN,2024,20,32,SEMESTER II,428,POIN,28,32,PERDESAAN,5.84,PERSEN,337,32,3207,KABUPATEN CIAMIS,LAKI-LAKI,77.79,POIN,7.46,"13,724,999,999,999,900"
544,32,JAWA BARAT,7.46,PERSEN,2024,20,32,SEMESTER II,428,POIN,28,32,PERDESAAN,5.84,PERSEN,338,32,3207,KABUPATEN CIAMIS,PEREMPUAN,68.05,POIN,7.46,"13,724,999,999,999,900"
544,32,JAWA BARAT,7.46,PERSEN,2024,20,32,SEMESTER II,428,POIN,28,32,PERDESAAN,5.84,PERSEN,339,32,3208,KABUPATEN KUNINGAN,LAKI-LAKI,76.48,POIN,7.46,"13,724,999,999,999,900"
544,32,JAWA BARAT,7.46,PERSEN,2024,20,32,SEMESTER II,428,POIN,28,32,PERDESAAN,5.84,PERSEN,340,32,3208,KABUPATEN KUNINGAN,PEREMPUAN,66.96,POIN,7.46,"13,724,999,999,999,900"
544,32,JAWA BARAT,7.46,PERSEN,2024,20,32,SEMESTER II,428,POIN,28,32,PERDESAAN,5.84,PERSEN,341,32,3209,KABUPATEN CIREBON,LAKI-LAKI,76.04,POIN,7.46,"13,724,999,999,999,900"
544,32,JAWA BARAT,7.46,PERSEN,2024,20,32,SEMESTER II,428,POIN,28,32,PERDESAAN,5.84,PERSEN,342,32,3209,KABUPATEN CIREBON,PEREMPUAN,64.44,POIN,7.46,"13,724,999,999,999,900"
544,32,JAWA BARAT,7.46,PERSEN,2024,20,32,SEMESTER II,428,POIN,28,32,PERDESAAN,5.84,PERSEN,343,32,3210,KABUPATEN MAJALENGKA,LAKI-LAKI,74.15,POIN,7.46,"13,724,999,999,999,900"
544,32,JAWA BARAT,7.46,PERSEN,2024,20,32,SEMESTER II,428,POIN,28,32,PERDESAAN,5.84,PERSEN,344,32,3210,KABUPATEN MAJALENGKA,PEREMPUAN,64.63,POIN,7.46,"13,724,999,999,999,900"
544,32,JAWA BARAT,7.46,PERSEN,2024,20,32,SEMESTER II,428,POIN,28,32,PERDESAAN,5.84,PERSEN,345,32,3211,KABUPATEN SUMEDANG,LAKI-LAKI,76.89,POIN,7.46,"13,724,999,999,999,900"
544,32,JAWA BARAT,7.46,PERSEN,2024,20,32,SEMESTER II,428,POIN,28,32,PERDESAAN,5.84,PERSEN,346,32,3211,KABUPATEN SUMEDANG,PEREMPUAN,73.47,POIN,7.46,"13,724,999,999,999,900"
544,32,JAWA BARAT,7.46,PERSEN,2024,20,32,SEMESTER II,428,POIN,28,32,PERDESAAN,5.84,PERSEN,347,32,3212,KABUPATEN INDRAMAYU,LAKI-LAKI,74.1,POIN,7.46,"13,724,999,999,999,900"
544,32,JAWA BARAT,7.46,PERSEN,2024,20,32,SEMESTER II,428,POIN,28,32,PERDESAAN,5.84,PERSEN,348,32,3212,KABUPATEN INDRAMAYU,PEREMPUAN,65.97,POIN,7.46,"13,724,999,999,999,900"
544,32,JAWA BARAT,7.46,PERSEN,2024,20,32,SEMESTER II,428,POIN,28,32,PERDESAAN,5.84,PERSEN,349,32,3213,KABUPATEN SUBANG,LAKI-LAKI,74.95,POIN,7.46,"13,724,999,999,999,900"
544,32,JAWA BARAT,7.46,PERSEN,2024,20,32,SEMESTER II,428,POIN,28,32,PERDESAAN,5.84,PERSEN,350,32,3213,KABUPATEN SUBANG,PEREMPUAN,68.62,POIN,7.46,"13,724,999,999,999,900"
544,32,JAWA BARAT,7.46,PERSEN,2024,20,32,SEMESTER II,428,POIN,28,32,PERDESAAN,5.84,PERSEN,351,32,3214,KABUPATEN PURWAKARTA,LAKI-LAKI,77.55,POIN,7.46,"13,724,999,999,999,900"
544,32,JAWA BARAT,7.46,PERSEN,2024,20,32,SEMESTER II,428,POIN,28,32,PERDESAAN,5.84,PERSEN,352,32,3214,KABUPATEN PURWAKARTA,PEREMPUAN,67.61,POIN,7.46,"13,724,999,999,999,900"
544,32,JAWA BARAT,7.46,PERSEN,2024,20,32,SEMESTER II,428,POIN,28,32,PERDESAAN,5.84,PERSEN,353,32,3215,KABUPATEN KARAWANG,LAKI-LAKI,76.54,POIN,7.46,"13,724,999,999,999,900"
544,32,JAWA BARAT,7.46,PERSEN,2024,20,32,SEMESTER II,428,POIN,28,32,PERDESAAN,5.84,PERSEN,354,32,3215,KABUPATEN KARAWANG,PEREMPUAN,69.83,POIN,7.46,"13,724,999,999,999,900"
544,32,JAWA BARAT,7.46,PERSEN,2024,20,32,SEMESTER II,428,POIN,28,32,PERDESAAN,5.84,PERSEN,355,32,3216,KABUPATEN BEKASI,LAKI-LAKI,80.77,POIN,7.46,"13,724,999,999,999,900"
544,32,JAWA BARAT,7.46,PERSEN,2024,20,32,SEMESTER II,428,POIN,28,32,PERDESAAN,5.84,PERSEN,356,32,3216,KABUPATEN BEKASI,PEREMPUAN,72.47,POIN,7.46,"13,724,999,999,999,900"
544,32,JAWA BARAT,7.46,PERSEN,2024,20,32,SEMESTER II,428,POIN,28,32,PERDESAAN,5.84,PERSEN,357,32,3217,KABUPATEN BANDUNG BARAT,LAKI-LAKI,74.91,POIN,7.46,"13,724,999,999,999,900"
544,32,JAWA BARAT,7.46,PERSEN,2024,20,32,SEMESTER II,428,POIN,28,32,PERDESAAN,5.84,PERSEN,358,32,3217,KABUPATEN BANDUNG BARAT,PEREMPUAN,60.69,POIN,7.46,"13,724,999,999,999,900"
544,32,JAWA BARAT,7.46,PERSEN,2024,20,32,SEMESTER II,428,POIN,28,32,PERDESAAN,5.84,PERSEN,359,32,3218,KABUPATEN PANGANDARAN,LAKI-LAKI,74.0,POIN,7.46,"13,724,999,999,999,900"
544,32,JAWA BARAT,7.46,PERSEN,2024,20,32,SEMESTER II,428,POIN,28,32,PERDESAAN,5.84,PERSEN,360,32,3218,KABUPATEN PANGANDARAN,PEREMPUAN,66.88,POIN,7.46,"13,724,999,999,999,900"
544,32,JAWA BARAT,7.46,PERSEN,2024,20,32,SEMESTER II,428,POIN,28,32,PERDESAAN,5.84,PERSEN,361,32,3271,KOTA BOGOR,LAKI-LAKI,83.1,POIN,7.46,"13,724,999,999,999,900"
544,32,JAWA BARAT,7.46,PERSEN,2024,20,32,SEMESTER II,428,POIN,28,32,PERDESAAN,5.84,PERSEN,362,32,3271,KOTA BOGOR,PEREMPUAN,75.84,POIN,7.46,"13,724,999,999,999,900"
544,32,JAWA BARAT,7.46,PERSEN,2024,20,32,SEMESTER II,428,POIN,28,32,PERDESAAN,5.84,PERSEN,363,32,3272,KOTA SUKABUMI,LAKI-LAKI,81.49,POIN,7.46,"13,724,999,999,999,900"
544,32,JAWA BARAT,7.46,PERSEN,2024,20,32,SEMESTER II,428,POIN,28,32,PERDESAAN,5.84,PERSEN,364,32,3272,KOTA SUKABUMI,PEREMPUAN,75.45,POIN,7.46,"13,724,999,999,999,900"
544,32,JAWA BARAT,7.46,PERSEN,2024,20,32,SEMESTER II,428,POIN,28,32,PERDESAAN,5.84,PERSEN,365,32,3273,KOTA BANDUNG,LAKI-LAKI,86.94,POIN,7.46,"13,724,999,999,999,900"
544,32,JAWA BARAT,7.46,PERSEN,2024,20,32,SEMESTER II,428,POIN,28,32,PERDESAAN,5.84,PERSEN,366,32,3273,KOTA BANDUNG,PEREMPUAN,82.48,POIN,7.46,"13,724,999,999,999,900"
544,32,JAWA BARAT,7.46,PERSEN,2024,20,32,SEMESTER II,428,POIN,28,32,PERDESAAN,5.84,PERSEN,367,32,3274,KOTA CIREBON,LAKI-LAKI,79.95,POIN,7.46,"13,724,999,999,999,900"
544,32,JAWA BARAT,7.46,PERSEN,2024,20,32,SEMESTER II,428,POIN,28,32,PERDESAAN,5.84,PERSEN,368,32,3274,KOTA CIREBON,PEREMPUAN,76.62,POIN,7.46,"13,724,999,999,999,900"
544,32,JAWA BARAT,7.46,PERSEN,2024,20,32,SEMESTER II,428,POIN,28,32,PERDESAAN,5.84,PERSEN,369,32,3275,KOTA BEKASI,LAKI-LAKI,87.84,POIN,7.46,"13,724,999,999,999,900"
544,32,JAWA BARAT,7.46,PERSEN,2024,20,32,SEMESTER II,428,POIN,28,32,PERDESAAN,5.84,PERSEN,370,32,3275,KOTA BEKASI,PEREMPUAN,82.24,POIN,7.46,"13,724,999,999,999,900"
544,32,JAWA BARAT,7.46,PERSEN,2024,20,32,SEMESTER II,428,POIN,28,32,PERDESAAN,5.84,PERSEN,371,32,3276,KOTA DEPOK,LAKI-LAKI,86.99,POIN,7.46,"13,724,999,999,999,900"
544,32,JAWA BARAT,7.46,PERSEN,2024,20,32,SEMESTER II,428,POIN,28,32,PERDESAAN,5.84,PERSEN,372,32,3276,KOTA DEPOK,PEREMPUAN,81.51,POIN,7.46,"13,724,999,999,999,900"
544,32,JAWA BARAT,7.46,PERSEN,2024,20,32,SEMESTER II,428,POIN,28,32,PERDESAAN,5.84,PERSEN,373,32,3277,KOTA CIMAHI,LAKI-LAKI,84.21,POIN,7.46,"13,724,999,999,999,900"
544,32,JAWA BARAT,7.46,PERSEN,2024,20,32,SEMESTER II,428,POIN,28,32,PERDESAAN,5.84,PERSEN,374,32,3277,KOTA CIMAHI,PEREMPUAN,77.71,POIN,7.46,"13,724,999,999,999,900"
544,32,JAWA BARAT,7.46,PERSEN,2024,20,32,SEMESTER II,428,POIN,28,32,PERDESAAN,5.84,PERSEN,375,32,3278,KOTA TASIKMALAYA,LAKI-LAKI,78.11,POIN,7.46,"13,724,999,999,999,900"
544,32,JAWA BARAT,7.46,PERSEN,2024,20,32,SEMESTER II,428,POIN,28,32,PERDESAAN,5.84,PERSEN,376,32,3278,KOTA TASIKMALAYA,PEREMPUAN,72.03,POIN,7.46,"13,724,999,999,999,900"
544,32,JAWA BARAT,7.46,PERSEN,2024,20,32,SEMESTER II,428,POIN,28,32,PERDESAAN,5.84,PERSEN,377,32,3279,KOTA BANJAR,LAKI-LAKI,78.54,POIN,7.46,"13,724,999,999,999,900"
